id,si,gu,dong,bunji,type,roadCondition,buildingSize,landSize,yearBuilt,address
1,서울특별시,성북구,길음동,5**,단독,8m미만,19.83,46,1980,길음로1길
2,서울특별시,성북구,길음동,5**,단독,8m미만,24.97,53,1985,동소문로43다길
3,서울특별시,성북구,길음동,4**,단독,-,70.83,57,1991,숭인로16가길
4,서울특별시,성북구,길음동,5**,단독,8m미만,51,60,1985,길음로5길
5,서울특별시,성북구,길음동,5**,단독,8m미만,39.67,63,1940,길음로1가길
6,서울특별시,성북구,길음동,5**,단독,8m미만,33.12,66,1980,동소문로43다길
7,서울특별시,성북구,길음동,9**,단독,8m미만,191.72,88.7,1996,삼양로8길
8,서울특별시,성북구,길음동,5**,단독,8m미만,38.76,92,1985,동소문로43다길
9,서울특별시,성북구,길음동,1***,단독,8m미만,257.16,99,1975,삼양로
10,서울특별시,성북구,길음동,1***,단독,8m미만,182.28,101.5,1991,삼양로9길
11,서울특별시,성북구,길음동,9**,단독,8m미만,59.67,104,1966,삼양로6길
12,서울특별시,성북구,길음동,9**,단독,8m미만,49.58,104.2,1980,동소문로43가길
13,서울특별시,성북구,길음동,1***,단독,8m미만,201.31,124,1995,삼양로9길
14,서울특별시,성북구,길음동,1***,단독,8m미만,188.88,127.9,1993,삼양로12길
15,서울특별시,성북구,길음동,1***,단독,8m미만,99.44,162,1966,삼양로9길
16,서울특별시,성북구,길음동,1***,단독,8m미만,315.65,175,1996,숭인로
17,서울특별시,성북구,돈암동,4*,단독,8m미만,29.51,40,1985,북악산로17길
18,서울특별시,성북구,돈암동,4*,단독,8m미만,32.3,84,1980,북악산로17길
19,서울특별시,성북구,돈암동,7*,단독,8m미만,256.5,92,1993,동소문로32길
20,서울특별시,성북구,돈암동,6*,단독,8m미만,84.14,281,1950,
21,서울특별시,성북구,동선동1가,8*,단독,12m미만,40.92,28.1,1977,동소문로22길
22,서울특별시,성북구,동선동2가,3**,단독,8m미만,26.45,62.8,1955,보문로30가길
23,서울특별시,성북구,동선동2가,1**,단독,8m미만,299.15,118,1994,동소문로22길
24,서울특별시,성북구,동선동3가,1**,단독,8m미만,33.06,56.5,1980,동소문로26길
25,서울특별시,성북구,동선동3가,7*,단독,8m미만,136.96,71.4,1993,동소문로26마길
26,서울특별시,성북구,동선동3가,1**,단독,8m미만,113.38,98.2,1965,동소문로26다길
27,서울특별시,성북구,동선동4가,2**,단독,8m미만,26.45,48.6,1980,동소문로25길
28,서울특별시,성북구,동선동4가,2**,단독,12m미만,72.73,161.3,,동소문로25가길
29,서울특별시,성북구,동선동4가,1**,단독,12m미만,92.57,167.9,1980,동소문로23길
30,서울특별시,성북구,동선동5가,7*,다가구,8m미만,135.06,82.6,1993,동소문로29길
31,서울특별시,성북구,동선동5가,1**,다가구,8m미만,210.38,172.6,1980,아리랑로4가길
32,서울특별시,성북구,동선동5가,9*,단독,8m미만,76.33,59.5,1967,
33,서울특별시,성북구,동선동5가,1*,단독,12m미만,128.76,64.5,2017,동소문로25길
34,서울특별시,성북구,동소문동1가,1**,다가구,8m미만,493.04,224.8,2010,동소문로
35,서울특별시,성북구,동소문동2가,1**,단독,8m미만,19.7,49.2,1980,동소문로6길
36,서울특별시,성북구,동소문동2가,2**,단독,8m미만,29.75,60,1980,동소문로8길
37,서울특별시,성북구,동소문동2가,7*,단독,8m미만,39.67,73,1980,동소문로6길
38,서울특별시,성북구,동소문동2가,6*,단독,8m미만,42.98,73,1980,동소문로6길
39,서울특별시,성북구,동소문동2가,1**,단독,8m미만,39.67,79,1980,동소문로6길
40,서울특별시,성북구,동소문동2가,2*,단독,8m미만,112.02,92.8,1980,동소문로6길
41,서울특별시,성북구,동소문동4가,1**,단독,12m미만,926.06,322,1994,동소문로3길
42,서울특별시,성북구,동소문동4가,1**,단독,12m미만,313.29,360.7,1980,동소문로11길
43,서울특별시,성북구,동소문동5가,2*,단독,8m미만,52.24,63,1980,보문로40길
44,서울특별시,성북구,동소문동6가,7*,다가구,12m미만,98.86,55.5,1980,동소문로15길
45,서울특별시,성북구,동소문동6가,8*,단독,8m미만,33.06,68.4,1980,아리랑로3길
46,서울특별시,성북구,동소문동6가,1**,단독,8m미만,138.8,95.9,1994,동소문로13나길
47,서울특별시,성북구,동소문동6가,1**,단독,8m미만,67.77,111.4,1980,동소문로
48,서울특별시,성북구,동소문동7가,1*,단독,8m미만,147.93,122,1980,동소문로13나길
49,서울특별시,성북구,보문동1가,1**,다가구,25m이상,139.08,41.3,1970,인촌로
50,서울특별시,성북구,보문동1가,2**,단독,8m미만,19.83,23.1,1980,인촌로6길
51,서울특별시,성북구,보문동1가,9*,단독,8m미만,19.83,42,1980,보문로26길
52,서울특별시,성북구,보문동1가,1**,단독,8m미만,19.04,55.9,1980,보문로
53,서울특별시,성북구,보문동1가,1**,단독,8m미만,23.14,55.9,1980,보문로
54,서울특별시,성북구,보문동1가,6*,단독,8m미만,19.83,62.5,1980,인촌로1길
55,서울특별시,성북구,보문동1가,2**,단독,12m미만,33.06,73,1980,인촌로6길
56,서울특별시,성북구,보문동1가,9*,단독,8m미만,75.41,100.5,1969,인촌로3길
57,서울특별시,성북구,보문동2가,5*,다가구,8m미만,326.16,210.6,1992,지봉로23길
58,서울특별시,성북구,보문동5가,1**,다가구,12m미만,219.31,128.3,1993,보문로17길
59,서울특별시,성북구,보문동5가,9*,단독,8m미만,26.45,48.6,1939,보문로21길
60,서울특별시,성북구,보문동5가,7*,단독,12m미만,109.72,91.6,1980,보문로21길
61,서울특별시,성북구,보문동5가,1**,단독,12m미만,66.12,169.2,1940,보문로17길
62,서울특별시,성북구,보문동6가,3**,다가구,8m미만,119.61,83,1980,보문로13마길
63,서울특별시,성북구,보문동6가,4*,다가구,8m미만,279.21,126.6,1994,지봉로20길
64,서울특별시,성북구,보문동6가,8*,다가구,12m미만,211.45,140.8,1988,보문로13길
65,서울특별시,성북구,보문동6가,3**,단독,8m미만,39.67,86,1939,보문로9길
66,서울특별시,성북구,보문동6가,3**,단독,8m미만,72.73,99,1980,보문로9길
67,서울특별시,성북구,보문동6가,2**,단독,8m미만,39.67,106,1980,보문로13라길
68,서울특별시,성북구,보문동6가,2**,단독,8m미만,160.86,152,1980,보문로13마길
69,서울특별시,성북구,보문동7가,8*,단독,12m미만,379.59,146,1980,보문로13길
70,서울특별시,성북구,삼선동1가,2**,다가구,8m미만,120.99,109,1992,삼선교로10바길
71,서울특별시,성북구,삼선동1가,2**,단독,8m미만,132.23,36.26,1980,삼선교로4길
72,서울특별시,성북구,삼선동1가,2**,단독,8m미만,27.74,52.65,1981,삼선교로4길
73,서울특별시,성북구,삼선동1가,2**,단독,8m미만,20.13,68.84,1961,삼선교로10마길
74,서울특별시,성북구,삼선동1가,1*,단독,8m미만,23.67,80.7,1961,삼선교로2길
75,서울특별시,성북구,삼선동1가,2**,단독,8m미만,54.44,86.9,1969,삼선교로10라길
76,서울특별시,성북구,삼선동1가,2**,단독,8m미만,147.58,97.2,1994,삼선교로10다길
77,서울특별시,성북구,삼선동1가,2**,단독,8m미만,144.24,102.5,1990,삼선교로10라길
78,서울특별시,성북구,삼선동1가,6*,단독,25m미만,115.74,103.8,2001,삼선교로
79,서울특별시,성북구,삼선동1가,2**,단독,8m미만,167.21,105.8,1995,삼선교로10라길
80,서울특별시,성북구,삼선동1가,2**,단독,8m미만,66.55,106,1960,삼선교로10다길
81,서울특별시,성북구,삼선동1가,2**,단독,8m미만,128.93,116,1969,삼선교로4길
82,서울특별시,성북구,삼선동1가,2**,단독,8m미만,55.2,126,1980,삼선교로10바길
83,서울특별시,성북구,삼선동1가,2**,단독,8m미만,38.18,132,1955,삼선교로4나길
84,서울특별시,성북구,삼선동1가,3**,단독,8m미만,72.73,139,1980,삼선교로4마길
85,서울특별시,성북구,삼선동1가,2**,단독,12m미만,159.64,191.7,1970,삼선교로10바길
86,서울특별시,성북구,삼선동1가,2**,단독,8m미만,125.12,337,1977,삼선교로4길
87,서울특별시,성북구,삼선동2가,3**,다가구,8m미만,249.39,160,1990,삼선교로16가길
88,서울특별시,성북구,삼선동2가,3**,단독,8m미만,26.7,46.9,1985,삼선교로16길
89,서울특별시,성북구,삼선동2가,3**,단독,8m미만,29,50.6,1980,삼선교로16가길
90,서울특별시,성북구,삼선동2가,3**,단독,8m미만,27,52.9,1980,삼선교로16길
91,서울특별시,성북구,삼선동2가,2**,단독,8m미만,26.45,65.95,1980,삼선교로14길
92,서울특별시,성북구,삼선동2가,3**,단독,12m미만,133.45,76.4,1991,삼선교로14길
93,서울특별시,성북구,삼선동2가,4**,단독,8m미만,119.46,79,1994,삼선교로16가길
94,서울특별시,성북구,삼선동2가,3**,단독,12m미만,46.28,80.7,1980,삼선교로14길
95,서울특별시,성북구,삼선동2가,2**,단독,8m미만,47.09,91.8,1984,삼선교로16길
96,서울특별시,성북구,삼선동2가,2**,단독,8m미만,46.21,93.2,1970,삼선교로10길
97,서울특별시,성북구,삼선동2가,2**,단독,8m미만,228.55,133.2,1997,삼선교로16길
98,서울특별시,성북구,삼선동2가,2**,단독,12m미만,206.55,136.5,1990,삼선교로10바길
99,서울특별시,성북구,삼선동2가,3**,단독,8m미만,214.15,143.1,1989,삼선교로14길
100,서울특별시,성북구,삼선동2가,3**,단독,8m미만,248.79,178.5,1990,삼선교로14길
101,서울특별시,성북구,삼선동3가,1**,다가구,8m미만,116.04,75.4,1994,삼선교로16나길
102,서울특별시,성북구,삼선동3가,3*,다가구,8m미만,159.95,94.6,2000,삼선교로18가길
103,서울특별시,성북구,삼선동3가,1**,다가구,8m미만,199.9,139.8,1992,삼선교로16나길
104,서울특별시,성북구,삼선동3가,9*,단독,8m미만,36.16,38.7,1964,삼선교로16가길
105,서울특별시,성북구,삼선동3가,9*,단독,8m미만,39.27,70.75,1980,보문로29다길
106,서울특별시,성북구,삼선동3가,1**,단독,8m미만,44.9,76.4,1980,삼선교로16나길
107,서울특별시,성북구,삼선동3가,9*,단독,8m미만,53.09,84,1980,삼선교로16가길
108,서울특별시,성북구,삼선동3가,8*,단독,12m미만,168.44,101.8,1980,보문로31길
109,서울특별시,성북구,삼선동4가,5*,단독,12m미만,429.63,136.5,1980,보문로35길
110,서울특별시,성북구,삼선동5가,1**,다가구,12m미만,228.78,157.7,1989,보문로29나길
111,서울특별시,성북구,삼선동5가,1**,다가구,12m미만,228.78,157.7,1989,보문로29나길
112,서울특별시,성북구,삼선동5가,1**,다가구,12m미만,246.42,218.2,1989,보문로29나길
113,서울특별시,성북구,삼선동5가,9*,단독,8m미만,42.7,43.3,1991,보문로31길
114,서울특별시,성북구,삼선동5가,9*,단독,8m미만,125.55,73.4,1991,보문로31길
115,서울특별시,성북구,삼선동5가,9*,단독,8m미만,23.14,84.3,1980,삼선교로22길
116,서울특별시,성북구,삼선동5가,1**,단독,12m미만,157.35,88.6,1997,보문로29나길
117,서울특별시,성북구,삼선동5가,1**,단독,8m미만,148.95,98.5,1996,보문로29길
118,서울특별시,성북구,삼선동5가,3*,단독,12m미만,198.54,115.4,1991,삼선교로24길
119,서울특별시,성북구,삼선동5가,1**,단독,8m미만,175.2,125.6,2002,보문로31길
120,서울특별시,성북구,삼선동5가,4**,단독,12m미만,62.81,129.9,1980,인촌로5길
121,서울특별시,성북구,삼선동5가,6*,단독,12m미만,819.42,302.5,1991,삼선교로22길
122,서울특별시,성북구,상월곡동,2*,다가구,8m미만,117.94,69,1994,화랑로18바길
123,서울특별시,성북구,상월곡동,2*,다가구,8m미만,171.92,122,1991,화랑로18길
124,서울특별시,성북구,상월곡동,2*,단독,8m미만,31.57,46,1980,화랑로18아길
125,서울특별시,성북구,상월곡동,8*,단독,8m미만,31.67,58,1966,장월로1마길
126,서울특별시,성북구,상월곡동,2*,단독,8m미만,117.94,69,1994,화랑로18바길
127,서울특별시,성북구,상월곡동,2*,단독,8m미만,133.89,92,1980,화랑로18라길
128,서울특별시,성북구,상월곡동,2*,단독,8m미만,156.02,96,1994,장월로2길
129,서울특별시,성북구,상월곡동,5*,단독,8m미만,175.11,102,1991,화랑로15가길
130,서울특별시,성북구,상월곡동,7*,단독,8m미만,149.15,109,1995,장월로1길
131,서울특별시,성북구,상월곡동,*,단독,8m미만,169.56,109,1983,화랑로23길
132,서울특별시,성북구,상월곡동,5*,단독,8m미만,182.31,112,1991,화랑로15가길
133,서울특별시,성북구,상월곡동,*,단독,8m미만,78.67,119,1970,화랑로21길
134,서울특별시,성북구,상월곡동,7*,단독,8m미만,198.9,121,2007,장월로1마길
135,서울특별시,성북구,상월곡동,2*,단독,8m미만,92.03,129,1971,
136,서울특별시,성북구,상월곡동,*,단독,8m미만,183.33,129,1980,화랑로21길
137,서울특별시,성북구,상월곡동,5*,단독,8m미만,197.84,132,1990,화랑로17길
138,서울특별시,성북구,상월곡동,5*,단독,8m미만,203.68,132,2017,화랑로17길
139,서울특별시,성북구,상월곡동,2*,단독,8m미만,164.76,139,1974,화랑로23길
140,서울특별시,성북구,상월곡동,2*,단독,8m미만,121.15,152,1974,화랑로21길
141,서울특별시,성북구,상월곡동,2*,단독,8m미만,218.49,182,1969,화랑로18길
142,서울특별시,성북구,상월곡동,*,단독,8m미만,147.27,195,1980,화랑로23길
143,서울특별시,성북구,상월곡동,2*,단독,12m미만,616.68,241,2003,화랑로19길
144,서울특별시,성북구,석관동,6*,다가구,8m미만,128.52,76,1991,한천로69길
145,서울특별시,성북구,석관동,2**,다가구,8m미만,145.23,86,1992,화랑로32길
146,서울특별시,성북구,석관동,2**,다가구,8m미만,149.13,96,1993,
147,서울특별시,성북구,석관동,6*,다가구,8m미만,160.26,96,1992,한천로71길
148,서울특별시,성북구,석관동,3**,다가구,8m미만,138.42,99,1988,돌곶이로9가길
149,서울특별시,성북구,석관동,1**,다가구,8m미만,157.05,102,1993,한천로79길
150,서울특별시,성북구,석관동,1**,다가구,8m미만,161.41,105,1980,한천로80길
151,서울특별시,성북구,석관동,2**,다가구,8m미만,158.76,112,1990,화랑로32길
152,서울특별시,성북구,석관동,3**,다가구,8m미만,167.62,112,1986,돌곶이로9길
153,서울특별시,성북구,석관동,1**,다가구,8m미만,124.41,116,1976,화랑로40길
154,서울특별시,성북구,석관동,7*,다가구,8m미만,212.75,116,2017,한천로71길
155,서울특별시,성북구,석관동,6*,다가구,12m미만,243.48,119,1993,돌곶이로14길
156,서울특별시,성북구,석관동,1**,다가구,8m미만,170.95,122,1993,돌곶이로22길
157,서울특별시,성북구,석관동,3**,다가구,8m미만,167.69,132,1992,화랑로32다길
158,서울특별시,성북구,석관동,1**,다가구,8m미만,310.22,132,1997,한천로80길
159,서울특별시,성북구,석관동,2**,다가구,8m미만,175.87,169,1978,한천로81길
160,서울특별시,성북구,석관동,2**,다가구,8m미만,243.36,175,1983,화랑로32길
161,서울특별시,성북구,석관동,2**,다가구,12m미만,364.97,324,1980,돌곶이로22나길
162,서울특별시,성북구,석관동,3**,단독,8m미만,16.07,33,1980,돌곶이로
163,서울특별시,성북구,석관동,3**,단독,8m미만,37.48,60,1980,돌곶이로
164,서울특별시,성북구,석관동,2**,단독,12m미만,53.11,60,1971,한천로73길
165,서울특별시,성북구,석관동,3**,단독,8m미만,42.88,63,1980,돌곶이로9가길
166,서울특별시,성북구,석관동,2**,단독,8m미만,58.08,63,1980,돌곶이로14길
167,서울특별시,성북구,석관동,3**,단독,8m미만,60.17,66,1980,돌곶이로8다길
168,서울특별시,성북구,석관동,3**,단독,8m미만,104.74,66,1992,돌곶이로9가길
169,서울특별시,성북구,석관동,3**,단독,8m미만,50.84,69,1970,돌곶이로8나길
170,서울특별시,성북구,석관동,3**,단독,8m미만,52.56,69,1967,돌곶이로7길
171,서울특별시,성북구,석관동,3**,단독,8m미만,49.02,73,1967,돌곶이로7길
172,서울특별시,성북구,석관동,3**,단독,8m미만,49.02,73,1967,돌곶이로7길
173,서울특별시,성북구,석관동,2**,단독,8m미만,39.7,76,1966,화랑로32길
174,서울특별시,성북구,석관동,3**,단독,8m미만,60.69,77,1969,
175,서울특별시,성북구,석관동,5*,단독,8m미만,44.83,79,1980,돌곶이로8길
176,서울특별시,성북구,석관동,1**,단독,8m미만,62.61,79,1971,돌곶이로22길
177,서울특별시,성북구,석관동,3**,단독,8m미만,63.34,79,1971,돌곶이로
178,서울특별시,성북구,석관동,3**,단독,8m미만,73.62,79,1970,화랑로22나길
179,서울특별시,성북구,석관동,2**,단독,8m미만,126.3,79,1994,돌곶이로17가길
180,서울특별시,성북구,석관동,3**,단독,8m미만,51.9,83,1968,화랑로24길
181,서울특별시,성북구,석관동,2**,단독,8m미만,55.24,83,1980,
182,서울특별시,성북구,석관동,1**,단독,8m미만,62.78,83,1971,돌곶이로22길
183,서울특별시,성북구,석관동,3**,단독,8m미만,71.71,83,1970,화랑로22나길
184,서울특별시,성북구,석관동,3**,단독,8m미만,60.4,86,1971,화랑로22다길
185,서울특별시,성북구,석관동,3**,단독,8m미만,66.87,86,1970,화랑로22나길
186,서울특별시,성북구,석관동,3**,단독,8m미만,71.04,86,1970,돌곶이로8다길
187,서울특별시,성북구,석관동,1**,단독,8m미만,107.43,86,1971,돌곶이로22길
188,서울특별시,성북구,석관동,3**,단독,8m미만,118.99,86,1968,돌곶이로9길
189,서울특별시,성북구,석관동,2**,단독,12m미만,54.42,89,1973,돌곶이로22길
190,서울특별시,성북구,석관동,5*,단독,8m미만,57.85,89,1980,돌곶이로8길
191,서울특별시,성북구,석관동,1**,단독,8m미만,59.7,89,1973,돌곶이로22길
192,서울특별시,성북구,석관동,2**,단독,8m미만,63.9,89,1969,화랑로
193,서울특별시,성북구,석관동,2**,단독,8m미만,70.08,89,1971,한천로73길
194,서울특별시,성북구,석관동,1**,단독,8m미만,144.6,89,1992,돌곶이로22길
195,서울특별시,성북구,석관동,1**,단독,8m미만,145.98,89,1992,돌곶이로22길
196,서울특별시,성북구,석관동,3**,단독,8m미만,149.43,89,1980,돌곶이로9길
197,서울특별시,성북구,석관동,3**,단독,8m미만,158.41,89,1994,화랑로32길
198,서울특별시,성북구,석관동,3**,단독,8m미만,54.91,92,1968,
199,서울특별시,성북구,석관동,3**,단독,8m미만,59.44,92,1968,
200,서울특별시,성북구,석관동,1**,단독,8m미만,59.96,92,1972,돌곶이로22길
201,서울특별시,성북구,석관동,1**,단독,8m미만,60.43,92,1972,돌곶이로22길
202,서울특별시,성북구,석관동,1**,단독,8m미만,62.11,92,1973,돌곶이로22길
203,서울특별시,성북구,석관동,3**,단독,8m미만,64.36,92,1980,
204,서울특별시,성북구,석관동,2**,단독,8m미만,64.89,92,1970,
205,서울특별시,성북구,석관동,3**,단독,8m미만,68.09,92,1980,
206,서울특별시,성북구,석관동,2**,단독,8m미만,83.21,92,1996,돌곶이로8다길
207,서울특별시,성북구,석관동,6*,단독,12m미만,197.2,93,1992,한천로69길
208,서울특별시,성북구,석관동,3**,단독,8m미만,64.73,96,1973,화랑로18다길
209,서울특별시,성북구,석관동,1**,단독,8m미만,95.03,96,1974,한천로80길
210,서울특별시,성북구,석관동,3**,단독,8m미만,52.23,99,1980,돌곶이로9가길
211,서울특별시,성북구,석관동,3**,단독,8m미만,66.25,99,1973,화랑로18라길
212,서울특별시,성북구,석관동,1**,단독,8m미만,69.59,99,1976,한천로72길
213,서울특별시,성북구,석관동,2**,단독,8m미만,71.41,99,1970,돌곶이로7길
214,서울특별시,성북구,석관동,1**,단독,8m미만,75.87,99,1975,한천로74길
215,서울특별시,성북구,석관동,7*,단독,12m미만,204.98,99,1993,한천로70길
216,서울특별시,성북구,석관동,2**,단독,8m미만,68.86,102,1973,돌곶이로22가길
217,서울특별시,성북구,석관동,3**,단독,8m미만,75.48,102,1970,화랑로22나길
218,서울특별시,성북구,석관동,2**,단독,8m미만,175.08,102,1991,돌곶이로22길
219,서울특별시,성북구,석관동,1**,단독,8m미만,178.53,102,1993,한천로79길
220,서울특별시,성북구,석관동,3**,단독,8m미만,85.02,104,1980,
221,서울특별시,성북구,석관동,3**,단독,8m미만,149.05,105,1994,화랑로22나길
222,서울특별시,성북구,석관동,3**,단독,8m미만,56.73,106,1970,화랑로22가길
223,서울특별시,성북구,석관동,1**,단독,8m미만,68.79,106,1972,한천로79길
224,서울특별시,성북구,석관동,2**,단독,8m미만,153.72,106,1993,돌곶이로21나길
225,서울특별시,성북구,석관동,2**,단독,8m미만,148.28,109,1993,돌곶이로8가길
226,서울특별시,성북구,석관동,6*,단독,12m미만,162.66,109,1980,돌곶이로8바길
227,서울특별시,성북구,석관동,1**,단독,8m미만,168.24,109,1990,한천로76길
228,서울특별시,성북구,석관동,7*,단독,8m미만,191.37,112,1993,한천로70길
229,서울특별시,성북구,석관동,2**,단독,8m미만,66.48,116,1968,돌곶이로15길
230,서울특별시,성북구,석관동,7*,단독,8m미만,78.22,116,1974,한천로70길
231,서울특별시,성북구,석관동,1**,단독,8m미만,80.43,116,1975,화랑로40길
232,서울특별시,성북구,석관동,1**,단독,8m미만,80.96,116,1974,한천로76나길
233,서울특별시,성북구,석관동,4*,단독,25m이상,110.56,116,1983,한천로66길
234,서울특별시,성북구,석관동,1**,단독,8m미만,124.41,116,1976,화랑로40길
235,서울특별시,성북구,석관동,1**,단독,8m미만,178.87,116,1994,한천로76나길
236,서울특별시,성북구,석관동,3**,단독,8m미만,180.14,116,1994,화랑로32다길
237,서울특별시,성북구,석관동,1**,단독,8m미만,129.34,119,2000,한천로79길
238,서울특별시,성북구,석관동,1**,단독,8m미만,90.68,122,1974,한천로72길
239,서울특별시,성북구,석관동,1**,단독,8m미만,90.68,122,1971,한천로72길
240,서울특별시,성북구,석관동,1**,단독,8m미만,92.89,122,1980,한천로
241,서울특별시,성북구,석관동,2**,단독,12m미만,287.76,122,1992,한천로73길
242,서울특별시,성북구,석관동,3**,단독,8m미만,89.65,123,1980,
243,서울특별시,성북구,석관동,1**,단독,8m미만,90.88,126,1974,
244,서울특별시,성북구,석관동,2**,단독,8m미만,51.24,132,1966,돌곶이로21길
245,서울특별시,성북구,석관동,1**,단독,8m미만,82.05,132,1975,한천로
246,서울특별시,성북구,석관동,1**,단독,8m미만,94.51,132,1974,
247,서울특별시,성북구,석관동,3**,단독,8m미만,69.33,136,1967,화랑로24길
248,서울특별시,성북구,석관동,1**,단독,8m미만,106.35,136,1975,화랑로40길
249,서울특별시,성북구,석관동,1**,단독,8m미만,99.71,139,1980,한천로76길
250,서울특별시,성북구,석관동,3**,단독,8m미만,148.86,139,1970,화랑로22나길
251,서울특별시,성북구,석관동,1**,단독,8m미만,194.92,139,1982,화랑로40길
252,서울특별시,성북구,석관동,1**,단독,8m미만,96.82,141,1977,
253,서울특별시,성북구,석관동,3**,단독,8m미만,72.09,145,1967,화랑로18길
254,서울특별시,성북구,석관동,2**,단독,8m미만,70.48,149,1969,화랑로
255,서울특별시,성북구,석관동,3**,단독,8m미만,72.83,149,1967,화랑로24길
256,서울특별시,성북구,석관동,3**,단독,8m미만,202.12,150,1982,돌곶이로19길
257,서울특별시,성북구,석관동,3**,단독,8m미만,224.1,155,1983,화랑로22다길
258,서울특별시,성북구,석관동,3**,단독,8m미만,236.97,155,1988,화랑로22가길
259,서울특별시,성북구,석관동,3**,단독,8m미만,174.75,208,1971,화랑로22길
260,서울특별시,성북구,석관동,3**,단독,8m미만,110.42,228,1978,화랑로22나길
261,서울특별시,성북구,석관동,3**,단독,8m미만,158.71,324,1961,화랑로22가길
262,서울특별시,성북구,석관동,2**,단독,8m미만,407.41,327,1966,돌곶이로11길
263,서울특별시,성북구,성북동,산2*,단독,8m미만,20.05,33,1980,성북로26가길
264,서울특별시,성북구,성북동,*,단독,8m미만,54.76,33,1985,선잠로2가길
265,서울특별시,성북구,성북동,산2*,단독,8m미만,49.58,33.06,1980,성북로26가길
266,서울특별시,성북구,성북동,산2*,단독,8m미만,25.83,33.07,1980,성북로26가길
267,서울특별시,성북구,성북동,1**,단독,8m미만,25.14,39.67,1980,성북로23길
268,서울특별시,성북구,성북동,*,단독,8m미만,30.81,43,1966,성북로16가길
269,서울특별시,성북구,성북동,2**,단독,12m미만,39.67,46.47,1980,성북로23길
270,서울특별시,성북구,성북동,3**,단독,8m미만,36.28,55,1983,성북로28길
271,서울특별시,성북구,성북동,2**,단독,8m미만,16.53,56,1980,성북로23라길
272,서울특별시,성북구,성북동,4*,단독,8m미만,23.14,56,1980,선잠로2가길
273,서울특별시,성북구,성북동,*,단독,8m미만,40.51,63,1965,성북로16가길
274,서울특별시,성북구,성북동,2**,단독,12m미만,35.05,72.53,1985,성북로23길
275,서울특별시,성북구,성북동,*,단독,8m미만,41.32,73,1948,선잠로2가길
276,서울특별시,성북구,성북동,3**,단독,8m미만,83.78,73,2016,선잠로5나길
277,서울특별시,성북구,성북동,1**,단독,8m미만,23.14,76,1980,성북로
278,서울특별시,성북구,성북동,*,단독,8m미만,26.98,76,1965,성북로16가길
279,서울특별시,성북구,성북동,1**,단독,8m미만,148.11,81,1993,성북로10길
280,서울특별시,성북구,성북동,2*,단독,8m미만,43.7,89,1985,선잠로5다길
281,서울특별시,성북구,성북동,*,단독,8m미만,36.43,92,1970,성북로16가길
282,서울특별시,성북구,성북동,1**,단독,25m이상,95.79,92.5,1999,성북로
283,서울특별시,성북구,성북동,1**,단독,8m미만,75.41,99,1968,성북로8다길
284,서울특별시,성북구,성북동,1**,단독,8m미만,72.95,109,1970,성북로
285,서울특별시,성북구,성북동,1**,단독,8m미만,71.41,116,1969,성북로12길
286,서울특별시,성북구,성북동,1*,단독,12m미만,167.22,121,1994,선잠로
287,서울특별시,성북구,성북동,2**,단독,8m미만,37.19,122,1967,성북로23길
288,서울특별시,성북구,성북동,2*,단독,8m미만,38.47,122,1985,선잠로3가길
289,서울특별시,성북구,성북동,3**,단독,8m미만,47.74,126,1963,성북로26길
290,서울특별시,성북구,성북동,*,단독,8m미만,86.08,168,1985,성북로16가길
291,서울특별시,성북구,성북동,*,단독,8m미만,36.96,182,1966,선잠로2가길
292,서울특별시,성북구,성북동,1**,단독,8m미만,60.64,208,1980,성북로8길
293,서울특별시,성북구,성북동,1**,단독,8m미만,64.66,218,1980,성북로14가길
294,서울특별시,성북구,성북동,2*,단독,12m미만,281.19,326,2015,선잠로5길
295,서울특별시,성북구,성북동,1*,단독,8m미만,286.55,407,1973,선잠로8길
296,서울특별시,성북구,성북동,1*,단독,8m미만,654.81,836,1970,선잠로7길
297,서울특별시,성북구,성북동,1*,단독,8m미만,413.28,926,1995,선잠로7길
298,서울특별시,성북구,성북동1가,1**,단독,8m미만,36.36,63.5,1980,창경궁로35길
299,서울특별시,성북구,성북동1가,1**,단독,8m미만,211.11,128.1,1980,창경궁로35다길
300,서울특별시,성북구,성북동1가,9*,단독,12m미만,145.78,131.6,1974,창경궁로43길
301,서울특별시,성북구,성북동1가,1**,단독,8m미만,62.81,132.4,1980,성북로5길
302,서울특별시,성북구,안암동1가,2**,다가구,8m미만,493.08,230.7,1992,인촌로7나길
303,서울특별시,성북구,안암동1가,2*,단독,25m미만,33.06,62.5,1980,인촌로7길
304,서울특별시,성북구,안암동1가,3**,단독,12m미만,46.28,95.5,1980,보문로26길
305,서울특별시,성북구,안암동1가,1**,단독,8m미만,164.63,99.5,1991,인촌로7다길
306,서울특별시,성북구,안암동1가,*,단독,25m미만,46.28,101.2,1980,인촌로7길
307,서울특별시,성북구,안암동2가,9*,다가구,8m미만,141.65,68.1,1994,인촌로13길
308,서울특별시,성북구,안암동2가,1**,다가구,8m미만,163.93,92.6,1990,인촌로12길
309,서울특별시,성북구,안암동2가,1**,단독,8m미만,26.45,67.4,1980,인촌로12길
310,서울특별시,성북구,안암동2가,1**,단독,8m미만,29.75,69.1,1980,인촌로
311,서울특별시,성북구,안암동2가,1**,단독,8m미만,112.1,71.4,1990,인촌로
312,서울특별시,성북구,안암동2가,1**,단독,25m이상,306.8,105.1,1990,인촌로
313,서울특별시,성북구,안암동3가,1**,다가구,12m미만,123.48,71.7,1993,안암로7길
314,서울특별시,성북구,안암동3가,1**,다가구,12m미만,211.19,142.1,1992,안암로7길
315,서울특별시,성북구,안암동3가,1**,단독,8m미만,24.3,42,1985,인촌로16길
316,서울특별시,성북구,안암동3가,1**,단독,8m미만,24.3,42,1985,인촌로16길
317,서울특별시,성북구,안암동3가,1**,단독,8m미만,26.44,42.9,1980,인촌로16길
318,서울특별시,성북구,안암동3가,1**,단독,8m미만,40.34,58.5,1985,인촌로16길
319,서울특별시,성북구,안암동3가,1**,단독,25m미만,165.68,85.3,1994,안암로5길
320,서울특별시,성북구,안암동3가,1**,단독,8m미만,44.67,103,1984,인촌로16길
321,서울특별시,성북구,안암동3가,1**,단독,8m미만,659.24,326.4,1995,보문로22길
322,서울특별시,성북구,안암동4가,3*,단독,8m미만,149.16,96.2,1992,안암로9가길
323,서울특별시,성북구,안암동4가,4*,단독,25m이상,1025.03,438.7,1980,안암로
324,서울특별시,성북구,안암동5가,1**,다가구,8m미만,107.51,109,1994,개운사2길
325,서울특별시,성북구,안암동5가,8*,단독,8m미만,35.67,46,1960,인촌로30길
326,서울특별시,성북구,안암동5가,1**,단독,8m미만,221.31,112,1997,개운사길
327,서울특별시,성북구,안암동5가,1**,단독,8m미만,304.84,184,2000,안암로9가길
328,서울특별시,성북구,안암동5가,8*,단독,8m미만,165.92,195,1980,인촌로28길
329,서울특별시,성북구,장위동,7*,다가구,8m미만,99.65,25,1980,돌곶이로
330,서울특별시,성북구,장위동,6*,다가구,8m미만,118.05,79,1994,돌곶이로27길
331,서울특별시,성북구,장위동,7*,다가구,8m미만,147.06,86,1980,장위로39길
332,서울특별시,성북구,장위동,1*,다가구,8m미만,148.52,86,1994,한천로88길
333,서울특별시,성북구,장위동,6*,다가구,8m미만,147.92,93,1980,장위로40라길
334,서울특별시,성북구,장위동,6*,다가구,8m미만,197.33,96,1980,장위로40라길
335,서울특별시,성북구,장위동,*,다가구,8m미만,158.52,99,1991,화랑로41길
336,서울특별시,성북구,장위동,6*,다가구,8m미만,173.21,125,1980,돌곶이로27길
337,서울특별시,성북구,장위동,6*,다가구,8m미만,232.18,126,1980,돌곶이로
338,서울특별시,성북구,장위동,7*,다가구,8m미만,215.44,132,1980,돌곶이로
339,서울특별시,성북구,장위동,7*,다가구,8m미만,192.2,139,1980,장위로33길
340,서울특별시,성북구,장위동,6*,다가구,8m미만,198.6,149,1980,돌곶이로27가길
341,서울특별시,성북구,장위동,2**,다가구,8m미만,368.56,161,1995,한천로99마길
342,서울특별시,성북구,장위동,6*,다가구,8m미만,198.45,162,1980,돌곶이로27나길
343,서울특별시,성북구,장위동,2**,다가구,8m미만,149.62,168,1970,장위로26길
344,서울특별시,성북구,장위동,2**,단독,8m미만,36.36,36,1980,화랑로43길
345,서울특별시,성북구,장위동,2**,단독,8m미만,26.5,40,1980,한천로92길
346,서울특별시,성북구,장위동,1*,단독,8m미만,35.37,40,1970,화랑로43길
347,서울특별시,성북구,장위동,6*,단독,8m미만,54.54,40,1958,화랑로19가길
348,서울특별시,성북구,장위동,1*,단독,8m미만,28.5,43,1970,한천로88길
349,서울특별시,성북구,장위동,6*,단독,8m미만,40.4,50,1970,돌곶이로30가길
350,서울특별시,성북구,장위동,2**,단독,8m미만,56.2,51,1980,한천로90길
351,서울특별시,성북구,장위동,2**,단독,8m미만,96.7,52,1975,한천로99마길
352,서울특별시,성북구,장위동,6*,단독,8m미만,85.84,56,1958,화랑로19가길
353,서울특별시,성북구,장위동,2**,단독,8m미만,36.36,58,1980,한천로90길
354,서울특별시,성북구,장위동,2**,단독,8m미만,36.36,58,1980,한천로90길
355,서울특별시,성북구,장위동,8*,단독,12m미만,38.55,60,1970,장위로49길
356,서울특별시,성북구,장위동,1*,단독,8m미만,37.36,63,1970,한천로86길
357,서울특별시,성북구,장위동,2**,단독,12m미만,37.7,63,1974,
358,서울특별시,성북구,장위동,*,단독,8m미만,46.28,63,1980,한천로84길
359,서울특별시,성북구,장위동,6*,단독,8m미만,53.85,63,1970,돌곶이로
360,서울특별시,성북구,장위동,6*,단독,8m미만,45.9,66,1984,화랑로33길
361,서울특별시,성북구,장위동,2**,단독,8m미만,53.06,66,1970,장위로31길
362,서울특별시,성북구,장위동,6*,단독,8m미만,54.54,66,1980,화랑로19가길
363,서울특별시,성북구,장위동,7*,단독,8m미만,48.46,69,1973,장위로42길
364,서울특별시,성북구,장위동,6*,단독,8m미만,54.54,69,1958,장월로8길
365,서울특별시,성북구,장위동,6*,단독,8m미만,75.42,69,1958,장월로8길
366,서울특별시,성북구,장위동,6*,단독,8m미만,80.23,69,1960,장월로8길
367,서울특별시,성북구,장위동,6*,단독,8m미만,54.54,70,1958,화랑로19가길
368,서울특별시,성북구,장위동,2**,단독,8m미만,95.03,73,1994,
369,서울특별시,성북구,장위동,1**,단독,8m미만,53.42,76,1971,한천로97길
370,서울특별시,성북구,장위동,1**,단독,8m미만,46.28,79,1980,한천로97길
371,서울특별시,성북구,장위동,2**,단독,8m미만,62.32,79,1971,장월로33길
372,서울특별시,성북구,장위동,2**,단독,8m미만,137.54,79,1994,돌곶이로38길
373,서울특별시,성북구,장위동,1*,단독,8m미만,141.91,79,1992,한천로86길
374,서울특별시,성북구,장위동,1*,단독,8m미만,30.18,83,1980,한천로84길
375,서울특별시,성북구,장위동,6*,단독,8m미만,54.54,83,1958,장월로8길
376,서울특별시,성북구,장위동,6*,단독,8m미만,59.57,83,1971,화랑로37가길
377,서울특별시,성북구,장위동,1**,단독,8m미만,62.32,83,1970,장위로50길
378,서울특별시,성북구,장위동,2**,단독,8m미만,65.36,83,1970,장월로17길
379,서울특별시,성북구,장위동,2*,단독,8m미만,66.08,83,1980,한천로96길
380,서울특별시,성북구,장위동,6*,단독,8m미만,93.51,83,1980,화랑로19가길
381,서울특별시,성북구,장위동,6*,단독,8m미만,54.54,86,1980,장월로8길
382,서울특별시,성북구,장위동,1*,단독,8m미만,68.13,86,1969,한천로86길
383,서울특별시,성북구,장위동,5*,단독,8m미만,148.7,86,1993,화랑로39길
384,서울특별시,성북구,장위동,2*,단독,8m미만,64.96,89,1975,한천로96길
385,서울특별시,성북구,장위동,7*,단독,8m미만,68.57,89,1970,돌곶이로
386,서울특별시,성북구,장위동,6*,단독,8m미만,179.88,89,1997,돌곶이로27길
387,서울특별시,성북구,장위동,6*,단독,8m미만,70.22,90,1970,화랑로33길
388,서울특별시,성북구,장위동,7*,단독,8m미만,62.51,92,1971,돌곶이로
389,서울특별시,성북구,장위동,1**,단독,8m미만,64.33,92,1980,장위로50길
390,서울특별시,성북구,장위동,7*,단독,8m미만,66.15,92,1977,장위로45가길
391,서울특별시,성북구,장위동,2**,단독,8m미만,92.89,92,1971,장위로10길
392,서울특별시,성북구,장위동,7*,단독,8m미만,134.01,92,1992,돌곶이로
393,서울특별시,성북구,장위동,3*,단독,8m미만,52.33,94,1970,장위로50길
394,서울특별시,성북구,장위동,7*,단독,8m미만,61.45,96,1977,돌곶이로
395,서울특별시,성북구,장위동,2**,단독,8m미만,65.36,96,1970,장위로29길
396,서울특별시,성북구,장위동,2*,단독,8m미만,65.96,96,1974,한천로96길
397,서울특별시,성북구,장위동,2**,단독,8m미만,139.32,96,1990,돌곶이로41가길
398,서울특별시,성북구,장위동,6*,단독,8m미만,30.28,99,1980,장위로40라길
399,서울특별시,성북구,장위동,*,단독,8m미만,54.45,99,1980,한천로84길
400,서울특별시,성북구,장위동,7*,단독,8m미만,55.77,99,1969,장위로39길
401,서울특별시,성북구,장위동,7*,단독,8m미만,59.83,99,1967,장위로40길
402,서울특별시,성북구,장위동,7*,단독,8m미만,69.49,99,1971,장월로24길
403,서울특별시,성북구,장위동,1**,단독,8m미만,70.81,99,1980,장월로33길
404,서울특별시,성북구,장위동,1**,단독,8m미만,73.26,99,1980,돌곶이로32길
405,서울특별시,성북구,장위동,5*,단독,12m미만,83.8,99,1979,돌곶이로28길
406,서울특별시,성북구,장위동,6*,단독,8m미만,96.05,99,1958,
407,서울특별시,성북구,장위동,1**,단독,8m미만,66.38,102,1973,한천로99길
408,서울특별시,성북구,장위동,4*,단독,8m미만,147.33,102,1992,화랑로39길
409,서울특별시,성북구,장위동,2**,단독,8m미만,149.84,102,1994,장월로17길
410,서울특별시,성북구,장위동,6*,단독,8m미만,131.94,105.4,1985,돌곶이로27나길
411,서울특별시,성북구,장위동,1**,단독,8m미만,74.21,106,1980,한천로89길
412,서울특별시,성북구,장위동,7*,단독,8m미만,162.81,106,1991,돌곶이로32길
413,서울특별시,성북구,장위동,7*,단독,8m미만,171.12,106,1992,돌곶이로
414,서울특별시,성북구,장위동,6*,단독,8m미만,49.62,109,1980,장위로40길
415,서울특별시,성북구,장위동,2**,단독,8m미만,160.56,109,1984,장월로4길
416,서울특별시,성북구,장위동,6*,단독,8m미만,177.17,109,1993,돌곶이로30가길
417,서울특별시,성북구,장위동,*,단독,8m미만,186.24,109,1991,화랑로41길
418,서울특별시,성북구,장위동,6*,단독,8m미만,82.88,112,1975,화랑로
419,서울특별시,성북구,장위동,7*,단독,8m미만,173.94,112,1994,장위로37길
420,서울특별시,성북구,장위동,6*,단독,8m미만,178.44,112,1995,돌곶이로
421,서울특별시,성북구,장위동,2**,단독,8m미만,183.9,112,1993,장위로8길
422,서울특별시,성북구,장위동,2**,단독,8m미만,209.53,114,1970,장위로31길
423,서울특별시,성북구,장위동,6*,단독,8m미만,45.16,116,1967,돌곶이로27가길
424,서울특별시,성북구,장위동,3*,단독,8m미만,47.37,116,1980,장위로50길
425,서울특별시,성북구,장위동,1**,단독,8m미만,82.14,116,1974,한천로89가길
426,서울특별시,성북구,장위동,2**,단독,8m미만,117.23,116,1971,장위로6길
427,서울특별시,성북구,장위동,3*,단독,8m미만,199.98,116,1993,한천로96길
428,서울특별시,성북구,장위동,7*,단독,8m미만,62.12,119,1973,장위로42길
429,서울특별시,성북구,장위동,1**,단독,8m미만,78.74,119,1970,한천로
430,서울특별시,성북구,장위동,1**,단독,8m미만,79.97,119,1973,돌곶이로30나길
431,서울특별시,성북구,장위동,2**,단독,8m미만,165.51,119,1980,장위로31길
432,서울특별시,성북구,장위동,3**,단독,8m미만,174.39,119,1990,장월로41길
433,서울특별시,성북구,장위동,7*,단독,8m미만,179.78,119,1986,장위로40길
434,서울특별시,성북구,장위동,5*,단독,8m미만,84.56,122,1980,돌곶이로30길
435,서울특별시,성북구,장위동,6*,단독,8m미만,89.12,122,1974,화랑로35길
436,서울특별시,성북구,장위동,2**,단독,8m미만,198.38,122,1993,장월로18길
437,서울특별시,성북구,장위동,6*,단독,8m미만,199.38,122,1992,화랑로37길
438,서울특별시,성북구,장위동,2**,단독,8m미만,199.98,122,1991,
439,서울특별시,성북구,장위동,1**,단독,8m미만,84.13,126,1973,돌곶이로30길
440,서울특별시,성북구,장위동,1**,단독,8m미만,100.96,126,1973,돌곶이로30길
441,서울특별시,성북구,장위동,6*,단독,8m미만,146.98,126,1974,화랑로35길
442,서울특별시,성북구,장위동,6*,단독,8m미만,148.82,126,1974,화랑로35길
443,서울특별시,성북구,장위동,6*,단독,8m미만,149.22,126,1974,화랑로35길
444,서울특별시,성북구,장위동,6*,단독,8m미만,186.16,126,1980,장위로38길
445,서울특별시,성북구,장위동,6*,단독,8m미만,232.18,126,1996,돌곶이로
446,서울특별시,성북구,장위동,6*,단독,8m미만,89.85,129,1974,돌곶이로31길
447,서울특별시,성북구,장위동,2**,단독,8m미만,90.18,129,1975,한천로99마길
448,서울특별시,성북구,장위동,7*,단독,8m미만,101.88,129,1983,돌곶이로32길
449,서울특별시,성북구,장위동,1**,단독,8m미만,102.81,129,1975,돌곶이로40가길
450,서울특별시,성북구,장위동,2**,단독,8m미만,186.4,129,1990,돌곶이로
451,서울특별시,성북구,장위동,2**,단독,8m미만,194.76,129,1992,장위로16길
452,서울특별시,성북구,장위동,7*,단독,8m미만,197.56,129,1992,돌곶이로
453,서울특별시,성북구,장위동,4*,단독,8m미만,87.74,132,1974,한천로
454,서울특별시,성북구,장위동,2**,단독,8m미만,128.92,132,1976,장위로13길
455,서울특별시,성북구,장위동,2**,단독,8m미만,161.02,132,1988,장월로11길
456,서울특별시,성북구,장위동,7*,단독,8m미만,171.14,132,1991,돌곶이로34길
457,서울특별시,성북구,장위동,6*,단독,8m미만,190.79,132,1985,돌곶이로27길
458,서울특별시,성북구,장위동,6*,단독,8m미만,70.38,135,1964,돌곶이로27나길
459,서울특별시,성북구,장위동,3**,단독,8m미만,92.4,136,1975,월계로40길
460,서울특별시,성북구,장위동,2**,단독,8m미만,145.19,136,1973,돌곶이로41길
461,서울특별시,성북구,장위동,1**,단독,8m미만,92.4,139,1974,한천로
462,서울특별시,성북구,장위동,6*,단독,8m미만,76,142,1980,장위로38길
463,서울특별시,성북구,장위동,2**,단독,8m미만,92.36,142,1976,장월로9가길
464,서울특별시,성북구,장위동,2**,단독,8m미만,97.46,145,1971,장위로22길
465,서울특별시,성북구,장위동,4*,단독,8m미만,116.1,145,1980,한천로83가길
466,서울특별시,성북구,장위동,6*,단독,12m미만,136.03,145,1975,장위로44길
467,서울특별시,성북구,장위동,6*,단독,8m미만,224.48,145,1993,돌곶이로27가길
468,서울특별시,성북구,장위동,6*,단독,8m미만,85.32,148,1967,장위로40길
469,서울특별시,성북구,장위동,6*,단독,8m미만,85.32,148,1967,장위로40길
470,서울특별시,성북구,장위동,1**,단독,8m미만,91.96,149,1980,한천로89길
471,서울특별시,성북구,장위동,1**,단독,8m미만,125.49,149,1980,
472,서울특별시,성북구,장위동,7*,단독,12m미만,207.22,149,1975,장위로
473,서울특별시,성북구,장위동,2**,단독,8m미만,270.51,149,1993,장위로29길
474,서울특별시,성북구,장위동,2**,단독,12m미만,155,152,1979,장위로15길
475,서울특별시,성북구,장위동,6*,단독,8m미만,224.82,152,1984,장위로40길
476,서울특별시,성북구,장위동,7*,단독,8m미만,228.99,153,1993,장월로20길
477,서울특별시,성북구,장위동,6*,단독,8m미만,68.14,155,1966,돌곶이로27나길
478,서울특별시,성북구,장위동,1**,단독,8m미만,107.4,155,1980,한천로89길
479,서울특별시,성북구,장위동,1**,단독,12m미만,164.56,155,1973,장위로48길
480,서울특별시,성북구,장위동,1**,단독,12m미만,164.56,155,1973,장위로48길
481,서울특별시,성북구,장위동,3*,단독,8m미만,167.4,155,1984,돌곶이로30길
482,서울특별시,성북구,장위동,6*,단독,8m미만,226.86,155,1987,장위로38길
483,서울특별시,성북구,장위동,2**,단독,8m미만,231.82,155,1988,장위로33길
484,서울특별시,성북구,장위동,6*,단독,8m미만,299.83,156,1996,돌곶이로27길
485,서울특별시,성북구,장위동,6*,단독,8m미만,30.28,157,1980,장월로8길
486,서울특별시,성북구,장위동,6*,단독,12m미만,175.94,159,1958,화랑로19길
487,서울특별시,성북구,장위동,2**,단독,25m미만,338.95,159,1968,장월로
488,서울특별시,성북구,장위동,2**,단독,8m미만,97.85,162,1980,장위로33길
489,서울특별시,성북구,장위동,2**,단독,8m미만,232.77,162,1984,장위로33길
490,서울특별시,성북구,장위동,2**,단독,8m미만,235.64,162,1983,장위로33길
491,서울특별시,성북구,장위동,3**,단독,12m미만,236.96,162,1981,한천로99마길
492,서울특별시,성북구,장위동,2**,단독,12m미만,242.91,162,1991,장위로15길
493,서울특별시,성북구,장위동,2**,단독,8m미만,274.11,162,1991,장위로15길
494,서울특별시,성북구,장위동,2**,단독,8m미만,152.46,165,1982,장위로21다길
495,서울특별시,성북구,장위동,2**,단독,8m미만,274.57,165,1980,장월로31가길
496,서울특별시,성북구,장위동,2**,단독,8m미만,288.6,165,1995,장월로20길
497,서울특별시,성북구,장위동,7*,단독,8m미만,110.95,168,1974,돌곶이로27가길
498,서울특별시,성북구,장위동,7*,단독,8m미만,246.38,168,1990,장월로18길
499,서울특별시,성북구,장위동,6*,단독,8m미만,258.81,168.11,1993,화랑로33길
500,서울특별시,성북구,장위동,2**,단독,8m미만,251.32,172,1988,장위로
501,서울특별시,성북구,장위동,2**,단독,12m미만,255.51,172,1988,장위로15길
502,서울특별시,성북구,장위동,6*,단독,8m미만,254.52,174,1980,화랑로27길
503,서울특별시,성북구,장위동,5*,단독,8m미만,100.75,175,1984,한천로83길
504,서울특별시,성북구,장위동,2**,단독,8m미만,162.25,175,1968,장월로11길
505,서울특별시,성북구,장위동,2**,단독,8m미만,233.12,175,1980,장위로15길
506,서울특별시,성북구,장위동,2**,단독,12m미만,437.5,176,1997,장위로21나길
507,서울특별시,성북구,장위동,3**,단독,12m미만,246.81,178,1982,월계로38길
508,서울특별시,성북구,장위동,6*,단독,8m미만,249.54,182,1980,장위로40나길
509,서울특별시,성북구,장위동,6*,단독,8m미만,215.97,188,1980,장위로44길
510,서울특별시,성북구,장위동,2**,단독,8m미만,400.22,188,1996,장위로28길
511,서울특별시,성북구,장위동,1**,단독,12m미만,164.2,189,1975,한천로99길
512,서울특별시,성북구,장위동,2**,단독,8m미만,236.79,191,1983,장위로21다길
513,서울특별시,성북구,장위동,2**,단독,8m미만,160.7,198,1967,장위로33길
514,서울특별시,성북구,장위동,2**,단독,8m미만,191.84,205,1973,장위로15길
515,서울특별시,성북구,장위동,2**,단독,8m미만,196.43,205,1980,장위로10길
516,서울특별시,성북구,장위동,2**,단독,8m미만,144.43,215,1980,장월로9길
517,서울특별시,성북구,장위동,2**,단독,8m미만,233.34,220,1986,장월로5길
518,서울특별시,성북구,장위동,2**,단독,8m미만,169.26,224,1978,장월로6길
519,서울특별시,성북구,장위동,1**,단독,8m미만,241.92,225,1986,한천로89가길
520,서울특별시,성북구,장위동,2**,단독,8m미만,177.15,227,1978,장월로5길
521,서울특별시,성북구,장위동,2**,단독,25m미만,496.8,257,1987,장월로
522,서울특별시,성북구,장위동,2**,단독,8m미만,49.59,261,1964,장월로5길
523,서울특별시,성북구,장위동,2**,단독,8m미만,190.14,286,1980,장월로5길
524,서울특별시,성북구,장위동,2**,단독,8m미만,306.86,311,1983,장위로11길
525,서울특별시,성북구,장위동,6*,단독,8m미만,162.51,336,1966,돌곶이로27길
526,서울특별시,성북구,장위동,6*,단독,8m미만,238.75,340,1980,장월로
527,서울특별시,성북구,장위동,6*,단독,8m미만,186.45,516,1970,장월로8길
528,서울특별시,성북구,정릉동,1**,다가구,8m미만,148.98,86,1992,서경로
529,서울특별시,성북구,정릉동,1*,다가구,8m미만,174.7,106,1991,정릉로38길
530,서울특별시,성북구,정릉동,3**,다가구,8m미만,218.58,122,1990,정릉로21길
531,서울특별시,성북구,정릉동,3**,다가구,8m미만,199.86,129,1992,정릉로21길
532,서울특별시,성북구,정릉동,2**,다가구,8m미만,292.94,142,1994,보국문로16나길
533,서울특별시,성북구,정릉동,2**,다가구,8m미만,223.89,149,1991,보국문로16길
534,서울특별시,성북구,정릉동,2**,다가구,12m미만,299.28,159,1993,보국문로16길
535,서울특별시,성북구,정릉동,2**,다가구,8m미만,226.68,164,1988,보국문로16라길
536,서울특별시,성북구,정릉동,2**,다가구,8m미만,261.82,185,1989,보국문로8길
537,서울특별시,성북구,정릉동,1*,다가구,8m미만,457.53,215,1994,정릉로38라길
538,서울특별시,성북구,정릉동,3**,다가구,12m미만,228.04,238,1995,솔샘로6길
539,서울특별시,성북구,정릉동,7**,단독,8m미만,27.08,4,1985,솔샘로17길
540,서울특별시,성북구,정릉동,1*,단독,8m미만,62.54,30,1971,정릉로38라길
541,서울특별시,성북구,정릉동,1*,단독,8m미만,79.33,36,1980,정릉로42길
542,서울특별시,성북구,정릉동,6**,단독,8m미만,33.54,50,1980,정릉로10가길
543,서울특별시,성북구,정릉동,1**,단독,8m미만,20.66,60,1961,서경로
544,서울특별시,성북구,정릉동,3**,단독,8m미만,33.06,63,1943,보국문로
545,서울특별시,성북구,정릉동,6**,단독,8m미만,29.75,69,1959,정릉로10가길
546,서울특별시,성북구,정릉동,8**,단독,8m미만,39.78,69,1985,보국문로29마길
547,서울특별시,성북구,정릉동,7**,단독,8m미만,41.23,73.03,1985,솔샘로15가길
548,서울특별시,성북구,정릉동,1**,단독,8m미만,43.24,79,1966,정릉로27길
549,서울특별시,성북구,정릉동,1*,단독,8m미만,49.92,79,1959,정릉로36길
550,서울특별시,성북구,정릉동,7**,단독,8m미만,41.33,83,1966,솔샘로15가길
551,서울특별시,성북구,정릉동,3**,단독,8m미만,49.65,83,1980,솔샘로6라길
552,서울특별시,성북구,정릉동,3**,단독,8m미만,54.91,83,1969,정릉로17길
553,서울특별시,성북구,정릉동,3**,단독,8m미만,112.81,83,1992,정릉로17길
554,서울특별시,성북구,정릉동,5**,단독,12m미만,42.98,85,1959,아리랑로19길
555,서울특별시,성북구,정릉동,1**,단독,8m미만,45.64,86,1985,정릉로31나길
556,서울특별시,성북구,정릉동,2**,단독,8m미만,51.44,86,1969,보국문로8다길
557,서울특별시,성북구,정릉동,7**,단독,8m미만,36.92,87,1985,솔샘로15나길
558,서울특별시,성북구,정릉동,1**,단독,8m미만,49.56,99,1968,서경로
559,서울특별시,성북구,정릉동,2**,단독,8m미만,163.09,99,1993,보국문로8가길
560,서울특별시,성북구,정릉동,7**,단독,8m미만,40.9,102,1985,솔샘로17길
561,서울특별시,성북구,정릉동,7**,단독,8m미만,63.07,102,1972,
562,서울특별시,성북구,정릉동,2**,단독,8m미만,73.26,102,1974,보국문로8나길
563,서울특별시,성북구,정릉동,3**,단독,8m미만,149.78,102,2018,솔샘로6마길
564,서울특별시,성북구,정릉동,7**,단독,8m미만,62.16,104,1985,보국문로25가길
565,서울특별시,성북구,정릉동,2**,단독,8m미만,71.67,106,1980,보국문로8나길
566,서울특별시,성북구,정릉동,1*,단독,8m미만,162.99,106,1989,정릉로38바길
567,서울특별시,성북구,정릉동,1*,단독,8m미만,252.52,106,1980,정릉로38다길
568,서울특별시,성북구,정릉동,3**,단독,8m미만,50.91,109,1969,정릉로17길
569,서울특별시,성북구,정릉동,7**,단독,8m미만,73.59,109,1974,
570,서울특별시,성북구,정릉동,7**,단독,8m미만,31.51,111,1980,솔샘로15가길
571,서울특별시,성북구,정릉동,7**,단독,8m미만,46.64,112,1974,
572,서울특별시,성북구,정릉동,2**,단독,8m미만,78.77,112,1980,보국문로8가길
573,서울특별시,성북구,정릉동,3**,단독,8m미만,131.83,115,1977,정릉로21길
574,서울특별시,성북구,정릉동,2**,단독,8m미만,76.69,116,1972,보국문로8가길
575,서울특별시,성북구,정릉동,2**,단독,8m미만,76.03,119,1972,보국문로8가길
576,서울특별시,성북구,정릉동,2**,단독,8m미만,80.06,119,1972,보국문로8가길
577,서울특별시,성북구,정릉동,2**,단독,8m미만,75.28,122,1974,보국문로8나길
578,서울특별시,성북구,정릉동,2**,단독,8m미만,216.51,123,1991,보국문로8가길
579,서울특별시,성북구,정릉동,6**,단독,8m미만,29.75,126,1959,정릉로10가길
580,서울특별시,성북구,정릉동,3**,단독,8m미만,71.27,126,1971,솔샘로18길
581,서울특별시,성북구,정릉동,2**,단독,8m미만,132.07,129,1972,보국문로8가길
582,서울특별시,성북구,정릉동,1**,단독,8m미만,271.3,136,1993,보국문로2길
583,서울특별시,성북구,정릉동,1*,단독,8m미만,353.99,136,1990,정릉로38나길
584,서울특별시,성북구,정릉동,8**,단독,8m미만,31.56,138,1985,보국문로29마길
585,서울특별시,성북구,정릉동,1**,단독,8m미만,148.08,139,1980,아리랑로
586,서울특별시,성북구,정릉동,6**,단독,8m미만,199.02,149,2017,솔샘로16길
587,서울특별시,성북구,정릉동,8**,단독,8m미만,66.12,152,1959,정릉로9길
588,서울특별시,성북구,정릉동,3**,단독,8m미만,298.76,152,2018,솔샘로6길
589,서울특별시,성북구,정릉동,2**,단독,8m미만,266.68,153,1980,보국문로16라길
590,서울특별시,성북구,정릉동,3**,단독,8m미만,45.75,155,1970,솔샘로14길
591,서울특별시,성북구,정릉동,8**,단독,8m미만,37.08,156,1985,보국문로35가길
592,서울특별시,성북구,정릉동,2**,단독,8m미만,148.69,158,1977,보국문로8나길
593,서울특별시,성북구,정릉동,7**,단독,8m미만,60.86,165,1985,보국문로25가길
594,서울특별시,성북구,정릉동,1**,단독,8m미만,154.74,168,1968,서경로9가길
595,서울특별시,성북구,정릉동,1**,단독,8m미만,134.07,172,1971,서경로9가길
596,서울특별시,성북구,정릉동,1*,단독,8m미만,248.66,172,1989,정릉로38나길
597,서울특별시,성북구,정릉동,1**,단독,8m미만,192.4,175,1991,정릉로36길
598,서울특별시,성북구,정릉동,7**,단독,8m미만,112.36,182,1978,보국문로34길
599,서울특별시,성북구,정릉동,7**,단독,8m미만,97.52,189,1977,보국문로34길
600,서울특별시,성북구,정릉동,2**,단독,8m미만,188.88,192,1969,서경로9가길
601,서울특별시,성북구,정릉동,1**,단독,8m미만,82.62,195,1967,서경로9가길
602,서울특별시,성북구,정릉동,2**,단독,8m미만,158.28,195,1973,보국문로8나길
603,서울특별시,성북구,정릉동,2**,단독,8m미만,49.65,198,1980,서경로21길
604,서울특별시,성북구,정릉동,6**,단독,8m미만,297.3,198,1990,솔샘로5길
605,서울특별시,성북구,정릉동,8**,단독,8m미만,20.02,200,1985,보국문로29마길
606,서울특별시,성북구,정릉동,7**,단독,8m미만,39.6,200,1985,보국문로29나길
607,서울특별시,성북구,정릉동,7**,단독,8m미만,45.13,200,1985,보국문로29길
608,서울특별시,성북구,정릉동,8**,단독,8m미만,52.98,200,1985,보국문로29길
609,서울특별시,성북구,정릉동,7**,단독,8m미만,88.78,200,1980,솔샘로15가길
610,서울특별시,성북구,정릉동,7**,단독,8m미만,419.63,210,2018,솔샘로14길
611,서울특별시,성북구,정릉동,7**,단독,8m미만,419.63,210,2018,솔샘로14길
612,서울특별시,성북구,정릉동,7**,단독,8m미만,566.92,210,2018,솔샘로16길
613,서울특별시,성북구,정릉동,7**,단독,8m미만,566.92,210,2018,솔샘로16길
614,서울특별시,성북구,정릉동,3**,단독,8m미만,165.26,213,1982,정릉로21가길
615,서울특별시,성북구,정릉동,7**,단독,8m미만,78.81,230,1985,솔샘로15가길
616,서울특별시,성북구,정릉동,4**,단독,8m미만,215.3,238,1985,
617,서울특별시,성북구,정릉동,2**,단독,8m미만,166.94,241,1980,보국문로8가길
618,서울특별시,성북구,정릉동,8**,단독,8m미만,66.12,278,1980,정릉로8가길
619,서울특별시,성북구,정릉동,7**,단독,8m미만,137.88,312,1979,솔샘로11길
620,서울특별시,성북구,정릉동,8**,단독,8m미만,143.59,330,2015,보국문로32길
621,서울특별시,성북구,정릉동,3**,단독,8m미만,214.2,403,1988,솔샘로4길
622,서울특별시,성북구,정릉동,3**,단독,8m미만,149.12,404,1963,솔샘로14길
623,서울특별시,성북구,정릉동,4**,단독,8m미만,271.57,612,1973,보국문로8길
624,서울특별시,성북구,정릉동,8**,단독,8m미만,72,1050,2018,정릉로9나길
625,서울특별시,성북구,종암동,*,다가구,25m미만,141.18,60,1994,종암로30길
626,서울특별시,성북구,종암동,1**,다가구,8m미만,165.39,89,1993,월곡로13길
627,서울특별시,성북구,종암동,9*,다가구,8m미만,253.92,182,1996,종암로22길
628,서울특별시,성북구,종암동,1*,단독,8m미만,19.83,26,1980,종암로16길
629,서울특별시,성북구,종암동,9*,단독,8m미만,36.36,36,1980,종암로22길
630,서울특별시,성북구,종암동,*,단독,8m미만,66.11,39.84,1980,월곡로5길
631,서울특별시,성북구,종암동,*,단독,8m미만,20.72,40,1985,월곡로7길
632,서울특별시,성북구,종암동,2*,단독,8m미만,27.34,40,1983,회기로
633,서울특별시,성북구,종암동,*,단독,8m미만,33.06,40,1980,월곡로5길
634,서울특별시,성북구,종암동,*,단독,8m미만,22.5,46,1985,월곡로5길
635,서울특별시,성북구,종암동,5*,단독,12m미만,92.99,49,1964,종암로19길
636,서울특별시,성북구,종암동,*,단독,8m미만,37.5,50,1985,월곡로10길
637,서울특별시,성북구,종암동,*,단독,8m미만,148.77,50,1966,종암로
638,서울특별시,성북구,종암동,*,단독,8m미만,29.55,53,1980,월곡로5나길
639,서울특별시,성북구,종암동,*,단독,25m미만,42.98,57,1980,월곡로
640,서울특별시,성북구,종암동,*,단독,8m미만,36.36,60,1980,월곡로5길
641,서울특별시,성북구,종암동,*,단독,8m미만,33.05,63,1980,월곡로5길
642,서울특별시,성북구,종암동,*,단독,8m미만,59.84,79,1970,월곡로7길
643,서울특별시,성북구,종암동,6*,단독,25m미만,102.63,82,1970,종암로19길
644,서울특별시,성북구,종암동,*,단독,8m미만,39.34,84,1961,월곡로7길
645,서울특별시,성북구,종암동,*,단독,8m미만,47.74,86,1961,월곡로6길
646,서울특별시,성북구,종암동,*,단독,8m미만,47.74,86,1961,월곡로6길
647,서울특별시,성북구,종암동,9*,단독,8m미만,45.12,90,1966,종암로24가길
648,서울특별시,성북구,종암동,*,단독,8m미만,79.34,92,1980,월곡로7길
649,서울특별시,성북구,종암동,*,단독,8m미만,149.74,99,1994,월곡로7길
650,서울특별시,성북구,종암동,1**,단독,8m미만,126.42,106,1973,종암로22길
651,서울특별시,성북구,종암동,1**,단독,8m미만,128.34,112,1973,종암로22길
652,서울특별시,성북구,종암동,1*,단독,8m미만,193.9,117,1993,종암로16길
653,서울특별시,성북구,종암동,1**,단독,8m미만,77.56,119,1974,종암로22길
654,서울특별시,성북구,종암동,1**,단독,8m미만,99.77,132,1974,종암로22길
655,서울특별시,성북구,종암동,1**,단독,8m미만,102.94,132,1974,종암로22길
656,서울특별시,성북구,종암동,8*,단독,8m미만,219.88,132,2017,종암로21길
657,서울특별시,성북구,종암동,2*,단독,8m미만,379.19,138,2001,종암로9길
658,서울특별시,성북구,종암동,4*,단독,8m미만,239.2,139,2010,종암로13길
659,서울특별시,성북구,종암동,1**,단독,8m미만,162.01,142,1974,종암로22길
660,서울특별시,성북구,종암동,4*,단독,8m미만,238.53,152,1994,종암로13길
661,서울특별시,성북구,종암동,8*,단독,12m미만,227.71,165,1980,종암로21길
662,서울특별시,성북구,종암동,6*,단독,8m미만,428.18,208,1993,종암로19가길
663,서울특별시,성북구,종암동,3*,단독,8m미만,457.89,213,1998,종암로3길
664,서울특별시,성북구,종암동,4*,단독,12m미만,384.64,228,2003,종암로9길
665,서울특별시,성북구,하월곡동,8*,다가구,8m미만,121.56,72,1980,오패산로17길
666,서울특별시,성북구,하월곡동,7*,다가구,8m미만,143.91,96,1980,오패산로13길
667,서울특별시,성북구,하월곡동,6*,다가구,8m미만,149.96,99,1994,오패산로
668,서울특별시,성북구,하월곡동,8*,다가구,8m미만,143.31,102,1994,월계로8길
669,서울특별시,성북구,하월곡동,9*,다가구,8m미만,119.36,106,1980,종암로36나길
670,서울특별시,성북구,하월곡동,1*,다가구,12m미만,234.24,106,1980,화랑로
671,서울특별시,성북구,하월곡동,2*,다가구,8m미만,247.59,145,1992,화랑로11길
672,서울특별시,성북구,하월곡동,8*,단독,8m미만,25.32,36,1980,동소문로42나길
673,서울특별시,성북구,하월곡동,8*,단독,8m미만,55.04,37,1980,
674,서울특별시,성북구,하월곡동,8*,단독,8m미만,39.67,58,1966,오패산로19길
675,서울특별시,성북구,하월곡동,4*,단독,8m미만,45.19,63,1980,화랑로7길
676,서울특별시,성북구,하월곡동,9*,단독,8m미만,66.11,66,1980,화랑로
677,서울특별시,성북구,하월곡동,8*,단독,8m미만,37.19,69,1970,동소문로42길
678,서울특별시,성북구,하월곡동,8*,단독,8m미만,37.19,69,1970,동소문로42길
679,서울특별시,성북구,하월곡동,8*,단독,8m미만,227.4,79,1995,동소문로42길
680,서울특별시,성북구,하월곡동,1*,단독,8m미만,69.42,99,1981,화랑로
681,서울특별시,성북구,하월곡동,9*,단독,8m미만,71.68,99,1985,화랑로
682,서울특별시,성북구,하월곡동,3*,단독,8m미만,164.3,99,1994,월곡로18길
683,서울특별시,성북구,하월곡동,4*,단독,8m미만,62.81,106,1969,월곡로18길
684,서울특별시,성북구,하월곡동,4*,단독,8m미만,64.2,106,1970,월곡로18길
685,서울특별시,성북구,하월곡동,8*,단독,8m미만,163.42,106,1994,월계로12길
686,서울특별시,성북구,하월곡동,3*,단독,8m미만,172.17,106,1993,월곡로18가길
687,서울특별시,성북구,하월곡동,8*,단독,8m미만,153.02,110,1990,동소문로42길
688,서울특별시,성북구,하월곡동,9*,단독,8m미만,138.83,116,1974,종암로34길
689,서울특별시,성북구,하월곡동,8*,단독,8m미만,57.85,122,1959,동소문로44길
690,서울특별시,성북구,하월곡동,9*,단독,8m미만,44.63,132,1980,화랑로
691,서울특별시,성북구,하월곡동,9*,단독,8m미만,198.44,144,1993,종암로36길
692,서울특별시,성북구,하월곡동,8*,단독,8m미만,103.8,162,1967,동소문로46길
693,서울특별시,성북구,하월곡동,9*,단독,12m미만,300.6,202,2011,종암로38길
694,서울특별시,성북구,하월곡동,1*,단독,25m이상,409.47,212,1980,화랑로
695,서울특별시,성북구,하월곡동,9*,단독,12m미만,311.29,330,1980,화랑로
696,서울특별시,동대문구,답십리동,*,다가구,8m미만,107.69,66,1997,답십리로60길
697,서울특별시,동대문구,답십리동,9**,다가구,8m미만,136.16,76,1993,황물로15다길
698,서울특별시,동대문구,답십리동,4**,다가구,8m미만,124.51,78,1980,답십리로32길
699,서울특별시,동대문구,답십리동,3**,다가구,8m미만,132.9,83,1992,천호대로69나길
700,서울특별시,동대문구,답십리동,4**,다가구,8m미만,128.97,84.1,1991,천호대로71길
701,서울특별시,동대문구,답십리동,2**,다가구,8m미만,126.92,89,1980,전농로5길
702,서울특별시,동대문구,답십리동,*,다가구,8m미만,144.75,93,1992,한천로
703,서울특별시,동대문구,답십리동,2*,다가구,8m미만,232.22,129,2014,답십리로56길
704,서울특별시,동대문구,답십리동,1*,다가구,25m미만,285.04,152,1995,한천로11가길
705,서울특별시,동대문구,답십리동,4**,다가구,12m미만,45.36,152.4,1980,답십리로30길
706,서울특별시,동대문구,답십리동,1**,다가구,12m미만,317.61,166,2003,사가정로2길
707,서울특별시,동대문구,답십리동,3**,단독,8m미만,91.89,50,1993,황물로3가길
708,서울특별시,동대문구,답십리동,1*,단독,8m미만,36.59,63,1980,전농로4다길
709,서울특별시,동대문구,답십리동,4**,단독,8m미만,106.25,64.5,1995,황물로
710,서울특별시,동대문구,답십리동,1*,단독,12m미만,227.96,65,1995,한천로11길
711,서울특별시,동대문구,답십리동,1*,단독,8m미만,46.35,66,1970,한천로11길
712,서울특별시,동대문구,답십리동,4*,단독,8m미만,26.18,67,1974,답십리로52길
713,서울특별시,동대문구,답십리동,2**,단독,8m미만,34.88,69,1963,전농로
714,서울특별시,동대문구,답십리동,1*,단독,8m미만,117.74,73,1996,한천로11나길
715,서울특별시,동대문구,답십리동,2**,단독,8m미만,42.98,76,1964,전농로3길
716,서울특별시,동대문구,답십리동,1*,단독,8m미만,59.5,76,1970,한천로11나길
717,서울특별시,동대문구,답십리동,4**,단독,8m미만,124.51,78,1988,답십리로32길
718,서울특별시,동대문구,답십리동,3*,단독,8m미만,60.17,79,1967,답십리로48다길
719,서울특별시,동대문구,답십리동,6*,단독,8m미만,53.01,83,1997,답십리로
720,서울특별시,동대문구,답십리동,*,단독,8m미만,95.58,83,1971,답십리로59길
721,서울특별시,동대문구,답십리동,3**,단독,8m미만,134.66,83,1992,천호대로69나길
722,서울특별시,동대문구,답십리동,4**,단독,12m미만,141.7,83.3,1988,천호대로73길
723,서울특별시,동대문구,답십리동,2**,단독,8m미만,149.91,86,1993,전농로3가길
724,서울특별시,동대문구,답십리동,2**,단독,8m미만,61.59,93,1972,전농로3가길
725,서울특별시,동대문구,답십리동,2**,단독,8m미만,159.5,99,1988,전농로
726,서울특별시,동대문구,답십리동,4**,단독,8m미만,69.85,101.5,1974,사가정로2길
727,서울특별시,동대문구,답십리동,4**,단독,8m미만,69.85,101.5,1974,사가정로2길
728,서울특별시,동대문구,답십리동,3**,단독,8m미만,142.91,103,1993,천호대로69가길
729,서울특별시,동대문구,답십리동,2**,단독,25m미만,207.63,106,1996,전농로3길
730,서울특별시,동대문구,답십리동,2**,단독,-,79.72,116,1980,
731,서울특별시,동대문구,답십리동,3*,단독,8m미만,167.76,116,1992,답십리로48라길
732,서울특별시,동대문구,답십리동,4**,단독,8m미만,185.1,116,1991,황물로7길
733,서울특별시,동대문구,답십리동,4**,단독,25m이상,160,118.7,1977,사가정로
734,서울특별시,동대문구,답십리동,4**,단독,8m미만,198.22,122.2,1992,황물로7길
735,서울특별시,동대문구,답십리동,9**,단독,8m미만,279.26,129,1991,황물로15가길
736,서울특별시,동대문구,답십리동,4**,단독,8m미만,123.11,131.9,1974,사가정로2길
737,서울특별시,동대문구,답십리동,4**,단독,8m미만,142.95,131.9,1974,사가정로2길
738,서울특별시,동대문구,답십리동,4**,단독,8m미만,142.95,131.9,1974,사가정로2길
739,서울특별시,동대문구,답십리동,4**,단독,8m미만,153.65,131.9,1974,사가정로2길
740,서울특별시,동대문구,답십리동,4**,단독,8m미만,153.65,131.9,1974,사가정로2길
741,서울특별시,동대문구,답십리동,4**,단독,8m미만,199.86,132.6,1991,황물로5가길
742,서울특별시,동대문구,답십리동,4**,단독,8m미만,140.36,155,1975,답십리로40길
743,서울특별시,동대문구,답십리동,4**,단독,8m미만,155.8,155,1976,답십리로40길
744,서울특별시,동대문구,답십리동,4**,단독,12m미만,249.55,185.2,1981,서울시립대로2길
745,서울특별시,동대문구,답십리동,4**,단독,12m미만,261.13,185.2,1980,서울시립대로2길
746,서울특별시,동대문구,답십리동,*,단독,8m미만,928.24,330,1995,답십리로59가길
747,서울특별시,동대문구,답십리동,4**,단독,8m미만,606.16,344.5,1980,사가정로
748,서울특별시,동대문구,신설동,9*,단독,8m미만,50.78,26,1961,왕산로3가길
749,서울특별시,동대문구,신설동,4*,단독,-,19.83,33,1980,한빛로
750,서울특별시,동대문구,신설동,4*,단독,-,33.55,60,1962,한빛로
751,서울특별시,동대문구,신설동,4*,단독,-,36.36,62,1961,한빛로
752,서울특별시,동대문구,신설동,9*,단독,8m미만,57.55,100.4,1980,난계로28길
753,서울특별시,동대문구,신설동,9*,단독,8m미만,56.76,102,1980,왕산로5길
754,서울특별시,동대문구,신설동,4*,단독,8m미만,30.88,119.21,1980,한빛로
755,서울특별시,동대문구,신설동,9*,단독,8m미만,282.33,130.5,1980,하정로2길
756,서울특별시,동대문구,신설동,9*,단독,8m미만,150.48,159.4,1962,천호대로7길
757,서울특별시,동대문구,신설동,1**,단독,8m미만,649.72,181.5,2018,천호대로
758,서울특별시,동대문구,신설동,9*,단독,8m미만,383.84,212,1968,왕산로3가길
759,서울특별시,동대문구,신설동,9*,단독,25m미만,343.51,252.2,1965,하정로
760,서울특별시,동대문구,용두동,1**,다가구,8m미만,148.51,104.8,2003,왕산로22길
761,서울특별시,동대문구,용두동,2**,다가구,25m미만,299.28,139,1982,한빛로
762,서울특별시,동대문구,용두동,1**,다가구,8m미만,350.59,156,1996,천호대로22길
763,서울특별시,동대문구,용두동,2*,다가구,12m미만,437.54,224.6,1985,왕산로28길
764,서울특별시,동대문구,용두동,1**,단독,8m미만,15.87,16.53,1980,무학로20나길
765,서울특별시,동대문구,용두동,2**,단독,8m미만,16.53,17.5,1980,무학로21길
766,서울특별시,동대문구,용두동,2**,단독,8m미만,16.2,17.8,1980,천호대로12가길
767,서울특별시,동대문구,용두동,2**,단독,8m미만,26.46,29.4,1985,천호대로13길
768,서울특별시,동대문구,용두동,2**,단독,8m미만,26.45,32.1,1980,무학로15가길
769,서울특별시,동대문구,용두동,3*,단독,8m미만,62.72,37.4,1985,답십리로10길
770,서울특별시,동대문구,용두동,2**,단독,25m이상,39.67,39.6,1980,무학로
771,서울특별시,동대문구,용두동,2**,단독,8m미만,33.06,40,1937,한빛로
772,서울특별시,동대문구,용두동,1**,단독,25m이상,46.28,46,1980,무학로
773,서울특별시,동대문구,용두동,7**,단독,8m미만,50.02,48.97,1969,
774,서울특별시,동대문구,용두동,1**,단독,8m미만,30.03,50.6,1985,무학로20길
775,서울특별시,동대문구,용두동,3*,단독,8m미만,112.2,50.9,1980,답십리로10길
776,서울특별시,동대문구,용두동,7**,단독,8m미만,50.02,52.31,1969,
777,서울특별시,동대문구,용두동,7**,단독,8m미만,33.06,59,1947,한빛로
778,서울특별시,동대문구,용두동,2**,단독,8m미만,45.11,59.5,1985,무학로15길
779,서울특별시,동대문구,용두동,1**,단독,8m미만,26.45,60,1980,한빛로7길
780,서울특별시,동대문구,용두동,3*,단독,8m미만,113.11,60.2,1975,왕산로32길
781,서울특별시,동대문구,용두동,2**,단독,8m미만,43.89,61.85,1985,무학로15길
782,서울특별시,동대문구,용두동,1**,단독,8m미만,40.93,63,1980,한빛로5길
783,서울특별시,동대문구,용두동,1**,단독,8m미만,99,63,1996,무학로
784,서울특별시,동대문구,용두동,7**,단독,8m미만,23.14,69,1980,한빛로
785,서울특별시,동대문구,용두동,1**,단독,12m미만,51.59,69.1,1957,왕산로
786,서울특별시,동대문구,용두동,1**,단독,8m미만,44.29,72.7,1980,무학로18길
787,서울특별시,동대문구,용두동,2**,단독,8m미만,51.07,72.7,1985,무학로15가길
788,서울특별시,동대문구,용두동,7**,단독,8m미만,33.32,76,1980,안암로6가길
789,서울특별시,동대문구,용두동,7**,단독,12m미만,39.67,76,1980,무학로45길
790,서울특별시,동대문구,용두동,1**,단독,12m미만,46.28,77,1937,무학로43길
791,서울특별시,동대문구,용두동,2**,단독,8m미만,42.98,77.7,1980,왕산로11길
792,서울특별시,동대문구,용두동,1**,단독,8m미만,59.5,78.7,1980,무학로20가길
793,서울특별시,동대문구,용두동,7**,단독,8m미만,26.45,79,1980,한빛로
794,서울특별시,동대문구,용두동,1**,단독,8m미만,39.67,79,1980,한빛로3길
795,서울특별시,동대문구,용두동,7**,단독,8m미만,39.67,79,1980,무학로47길
796,서울특별시,동대문구,용두동,7**,단독,8m미만,39.67,79,1980,한빛로
797,서울특별시,동대문구,용두동,1**,단독,8m미만,45.29,79,1980,왕산로
798,서울특별시,동대문구,용두동,7**,단독,8m미만,183.33,79,1999,안암로12길
799,서울특별시,동대문구,용두동,7**,단독,8m미만,42.97,86,1980,무학로49길
800,서울특별시,동대문구,용두동,7**,단독,12m미만,52.89,89,1980,무학로49길
801,서울특별시,동대문구,용두동,3*,단독,8m미만,101.12,92.6,1975,천호대로41길
802,서울특별시,동대문구,용두동,3*,단독,8m미만,115.07,92.6,1976,천호대로41길
803,서울특별시,동대문구,용두동,3*,단독,12m미만,199.36,92.6,2017,천호대로45길
804,서울특별시,동대문구,용두동,7**,단독,8m미만,253.53,93,1995,한빛로
805,서울특별시,동대문구,용두동,3*,단독,8m미만,91.73,97.8,1974,천호대로43길
806,서울특별시,동대문구,용두동,2**,단독,8m미만,59.5,99.2,1980,무학로15가길
807,서울특별시,동대문구,용두동,3*,단독,8m미만,93.98,99.2,1976,천호대로39길
808,서울특별시,동대문구,용두동,3*,단독,8m미만,117.42,99.2,1976,천호대로39길
809,서울특별시,동대문구,용두동,3*,단독,8m미만,122.35,99.2,1976,천호대로39길
810,서울특별시,동대문구,용두동,3*,단독,8m미만,132.41,99.2,1976,천호대로39길
811,서울특별시,동대문구,용두동,1**,단독,8m미만,146.28,103,1992,왕산로17길
812,서울특별시,동대문구,용두동,7**,단독,12m미만,158.22,106,2003,무학로43길
813,서울특별시,동대문구,용두동,1**,단독,12m미만,65.12,116,1955,무학로43길
814,서울특별시,동대문구,용두동,1**,단독,8m미만,299.52,126.6,1996,왕산로16나길
815,서울특별시,동대문구,용두동,3*,단독,8m미만,158.91,132.9,1976,
816,서울특별시,동대문구,용두동,1**,단독,12m미만,248.56,137.5,2017,무학로34길
817,서울특별시,동대문구,용두동,2*,단독,12m미만,129.39,145.3,1980,고산자로34길
818,서울특별시,동대문구,용두동,7**,단독,8m미만,123.31,146,1969,안암로6가길
819,서울특별시,동대문구,용두동,7**,단독,8m미만,92.7,152,1965,무학로43길
820,서울특별시,동대문구,용두동,7**,단독,12m미만,395.2,165,1995,무학로49길
821,서울특별시,동대문구,용두동,4*,단독,25m미만,324.06,193.6,1975,천호대로27길
822,서울특별시,동대문구,용두동,3*,단독,8m미만,345.19,239.2,1993,고산자로34가길
823,서울특별시,동대문구,용두동,7**,단독,25m미만,536.86,261,1992,안암로16길
824,서울특별시,동대문구,용두동,1**,단독,25m미만,663.84,329.1,1983,무학로20길
825,서울특별시,동대문구,이문동,1**,다가구,8m미만,115.98,73,1994,외대역동로34길
826,서울특별시,동대문구,이문동,1**,다가구,8m미만,119.93,79,1980,신이문로20길
827,서울특별시,동대문구,이문동,1**,다가구,8m미만,136.74,79,1980,휘경로3길
828,서울특별시,동대문구,이문동,1**,다가구,8m미만,132.47,86,1993,이문로34나길
829,서울특별시,동대문구,이문동,1**,다가구,8m미만,148.81,86,1980,휘경로3나길
830,서울특별시,동대문구,이문동,2**,다가구,8m미만,114.24,89,1990,이문로33길
831,서울특별시,동대문구,이문동,1**,다가구,8m미만,128.38,89,1980,휘경로3다길
832,서울특별시,동대문구,이문동,8*,다가구,8m미만,134.75,90,1992,휘경로17길
833,서울특별시,동대문구,이문동,1**,다가구,8m미만,141.07,90,1980,외대역동로18길
834,서울특별시,동대문구,이문동,1**,다가구,8m미만,148.6,96,1992,휘경로3길
835,서울특별시,동대문구,이문동,2**,다가구,8m미만,161.17,97,1980,신이문로22길
836,서울특별시,동대문구,이문동,2**,다가구,8m미만,149.42,99,1993,이문로35다길
837,서울특별시,동대문구,이문동,2**,다가구,8m미만,149.42,99,1980,이문로35다길
838,서울특별시,동대문구,이문동,1**,다가구,8m미만,107.44,102,1997,이문로38길
839,서울특별시,동대문구,이문동,1**,다가구,8m미만,242.4,103,1994,이문로46길
840,서울특별시,동대문구,이문동,3**,다가구,8m미만,161.12,106,1993,이문로17길
841,서울특별시,동대문구,이문동,1**,다가구,8m미만,178.8,106,1995,외대역동로27길
842,서울특별시,동대문구,이문동,2**,다가구,8m미만,167.4,109,1989,천장산로4가길
843,서울특별시,동대문구,이문동,1**,다가구,8m미만,183.47,109,1992,신이문로18길
844,서울특별시,동대문구,이문동,1**,다가구,8m미만,149.85,116,1992,휘경로3길
845,서울특별시,동대문구,이문동,3**,다가구,8m미만,170.33,119,1980,이문로19길
846,서울특별시,동대문구,이문동,3**,다가구,8m미만,198.99,139,1980,휘경로3길
847,서울특별시,동대문구,이문동,1**,다가구,8m미만,224.07,146,1993,이문로38길
848,서울특별시,동대문구,이문동,3**,다가구,12m미만,485.54,205,1996,회기로25가길
849,서울특별시,동대문구,이문동,2**,다가구,12m미만,529.56,205,1995,천장산로7길
850,서울특별시,동대문구,이문동,2**,다가구,8m미만,203.41,222,1976,천장산로7길
851,서울특별시,동대문구,이문동,2**,단독,8m미만,19.83,7,1980,이문로47길
852,서울특별시,동대문구,이문동,3**,단독,8m미만,13.36,13,1980,이문로35길
853,서울특별시,동대문구,이문동,2**,단독,8m미만,23.14,20,1980,이문로39길
854,서울특별시,동대문구,이문동,2**,단독,8m미만,24.21,20,1980,이문로35다길
855,서울특별시,동대문구,이문동,1**,단독,25m미만,22.31,29,1970,외대역동로
856,서울특별시,동대문구,이문동,2**,단독,8m미만,17.49,30,1980,이문로35아길
857,서울특별시,동대문구,이문동,2**,단독,8m미만,22.07,36,1985,이문로43다길
858,서울특별시,동대문구,이문동,4**,단독,8m미만,25.05,36,1985,천장산로13길
859,서울특별시,동대문구,이문동,3**,단독,8m미만,26.44,36,1980,천장산로12길
860,서울특별시,동대문구,이문동,2**,단독,8m미만,34.85,36,1985,이문로35길
861,서울특별시,동대문구,이문동,1**,단독,8m미만,42.98,36,1980,휘경로3길
862,서울특별시,동대문구,이문동,8*,단독,25m미만,26.45,40,1968,외대역동로
863,서울특별시,동대문구,이문동,4**,단독,8m미만,28.84,40,1985,천장산로13길
864,서울특별시,동대문구,이문동,1**,단독,8m미만,29.09,40,1969,한천로59길
865,서울특별시,동대문구,이문동,3**,단독,8m미만,34.2,40,1985,이문로35길
866,서울특별시,동대문구,이문동,1**,단독,8m미만,33.95,43,1968,휘경로3가길
867,서울특별시,동대문구,이문동,3**,단독,8m미만,27.27,46,1961,천장산로16길
868,서울특별시,동대문구,이문동,1**,단독,8m미만,27.67,46,1980,휘경로3나길
869,서울특별시,동대문구,이문동,2**,단독,8m미만,28.81,46,1985,이문로39길
870,서울특별시,동대문구,이문동,1**,단독,8m미만,29.32,46,1968,이문로34나길
871,서울특별시,동대문구,이문동,8*,단독,8m미만,29.75,46,1980,외대역동로20길
872,서울특별시,동대문구,이문동,1**,단독,8m미만,37.19,46,1971,한천로
873,서울특별시,동대문구,이문동,1**,단독,8m미만,38.71,46,1980,외대역동로35길
874,서울특별시,동대문구,이문동,3**,단독,8m미만,29.29,50,1980,이문로35길
875,서울특별시,동대문구,이문동,2**,단독,8m미만,39.66,50,1980,이문로43다길
876,서울특별시,동대문구,이문동,2**,단독,8m미만,42.97,50,1980,신이문로26길
877,서울특별시,동대문구,이문동,2**,단독,8m미만,46.28,50,1980,이문로43길
878,서울특별시,동대문구,이문동,2**,단독,8m미만,26.61,53,1967,이문로35아길
879,서울특별시,동대문구,이문동,3**,단독,8m미만,28.96,53,1961,천장산로16길
880,서울특별시,동대문구,이문동,3**,단독,8m미만,32.66,53,1966,이문로35길
881,서울특별시,동대문구,이문동,3**,단독,8m미만,33.05,53,1980,이문로35길
882,서울특별시,동대문구,이문동,7*,단독,8m미만,46.28,53,1967,
883,서울특별시,동대문구,이문동,3**,단독,8m미만,19.83,55,1980,천장산로16길
884,서울특별시,동대문구,이문동,1**,단독,25m미만,37.49,55,1970,외대역동로
885,서울특별시,동대문구,이문동,2**,단독,8m미만,26.91,56,1968,신이문로22길
886,서울특별시,동대문구,이문동,1**,단독,8m미만,37.19,56,1968,외대역동로22길
887,서울특별시,동대문구,이문동,2**,단독,8m미만,43.54,56,1985,이문로43가길
888,서울특별시,동대문구,이문동,1**,단독,8m미만,73.44,56,1997,이문로38길
889,서울특별시,동대문구,이문동,2**,단독,8m미만,14.87,60,1980,이문로35바길
890,서울특별시,동대문구,이문동,1**,단독,8m미만,42.31,60,1968,외대역동로24길
891,서울특별시,동대문구,이문동,1**,단독,8m미만,43.34,60,1966,이문로34나길
892,서울특별시,동대문구,이문동,1**,단독,8m미만,44.49,60,1970,외대역동로35길
893,서울특별시,동대문구,이문동,3**,단독,8m미만,45.09,60,1970,이문로35길
894,서울특별시,동대문구,이문동,1**,단독,8m미만,51.14,60,1967,휘경로3가길
895,서울특별시,동대문구,이문동,1**,단독,8m미만,30.08,63,1968,휘경로3라길
896,서울특별시,동대문구,이문동,3**,단독,8m미만,31.21,63,1961,천장산로12길
897,서울특별시,동대문구,이문동,3**,단독,8m미만,33.02,63,1985,천장산로12길
898,서울특별시,동대문구,이문동,2**,단독,8m미만,41.39,63,1985,이문로43나길
899,서울특별시,동대문구,이문동,2**,단독,8m미만,42.39,63,1985,천장산로6길
900,서울특별시,동대문구,이문동,1**,단독,8m미만,46.28,63,1968,이문로34가길
901,서울특별시,동대문구,이문동,2**,단독,8m미만,46.35,63,1980,이문로33가길
902,서울특별시,동대문구,이문동,2**,단독,8m미만,50.61,63,1980,이문로43다길
903,서울특별시,동대문구,이문동,1**,단독,8m미만,57.02,63,1980,한천로59길
904,서울특별시,동대문구,이문동,2**,단독,8m미만,36.63,64,1967,휘경로3길
905,서울특별시,동대문구,이문동,8*,단독,8m미만,53.62,65,1968,휘경로17길
906,서울특별시,동대문구,이문동,2**,단독,8m미만,26.05,66,1965,이문로30길
907,서울특별시,동대문구,이문동,2**,단독,8m미만,42.66,66,1984,이문로35사길
908,서울특별시,동대문구,이문동,1**,단독,8m미만,42.98,66,1968,외대역동로22길
909,서울특별시,동대문구,이문동,2**,단독,8m미만,46.72,66,1971,이문로35마길
910,서울특별시,동대문구,이문동,1**,단독,8m미만,46.81,66,1970,한천로
911,서울특별시,동대문구,이문동,1**,단독,8m미만,118.96,66,1995,휘경로3길
912,서울특별시,동대문구,이문동,2**,단독,8m미만,36.43,69,1980,이문로35다길
913,서울특별시,동대문구,이문동,1**,단독,8m미만,40.5,69,1980,휘경로3라길
914,서울특별시,동대문구,이문동,2**,단독,8m미만,45.88,69,1980,이문로35길
915,서울특별시,동대문구,이문동,1**,단독,8m미만,47.74,69,1967,휘경로3가길
916,서울특별시,동대문구,이문동,1**,단독,8m미만,48.26,69,1970,외대역동로35길
917,서울특별시,동대문구,이문동,1**,단독,8m미만,50.15,69,1969,외대역동로34길
918,서울특별시,동대문구,이문동,1**,단독,8m미만,57.29,69,1970,한천로59길
919,서울특별시,동대문구,이문동,8*,단독,8m미만,88.24,69,1991,외대역동로12가길
920,서울특별시,동대문구,이문동,1**,단독,8m미만,110.07,69,1995,휘경로3나길
921,서울특별시,동대문구,이문동,1**,단독,8m미만,50.67,70,1970,외대역동로34가길
922,서울특별시,동대문구,이문동,3**,단독,8m미만,108.79,72,1970,이문로19길
923,서울특별시,동대문구,이문동,2**,단독,8m미만,32.05,73,1980,이문로39길
924,서울특별시,동대문구,이문동,1**,단독,8m미만,37.02,73,1967,이문로38길
925,서울특별시,동대문구,이문동,3**,단독,8m미만,40.96,73,1966,이문로35길
926,서울특별시,동대문구,이문동,1**,단독,8m미만,44.86,73,1980,외대역동로
927,서울특별시,동대문구,이문동,2**,단독,8m미만,46.12,73,1967,이문로33가길
928,서울특별시,동대문구,이문동,8*,단독,8m미만,49.03,73,1968,휘경로31길
929,서울특별시,동대문구,이문동,1**,단독,8m미만,55.8,73,1967,휘경로3가길
930,서울특별시,동대문구,이문동,1**,단독,25m이상,203.5,73,1997,한천로
931,서울특별시,동대문구,이문동,2**,단독,8m미만,39.47,76,1967,이문로33길
932,서울특별시,동대문구,이문동,8*,단독,8m미만,46.28,76,1968,휘경로23길
933,서울특별시,동대문구,이문동,1**,단독,8m미만,53.22,76,1968,이문로38길
934,서울특별시,동대문구,이문동,2**,단독,8m미만,113.46,76,1995,이문로43가길
935,서울특별시,동대문구,이문동,1**,단독,8m미만,117.69,76,1993,외대역동로27가길
936,서울특별시,동대문구,이문동,1**,단독,8m미만,130.53,76,1991,휘경로3길
937,서울특별시,동대문구,이문동,1**,단독,8m미만,39.87,79,1966,휘경로3라길
938,서울특별시,동대문구,이문동,1**,단독,8m미만,43.8,79,1966,휘경로3길
939,서울특별시,동대문구,이문동,1**,단독,8m미만,43.8,79,1966,휘경로3길
940,서울특별시,동대문구,이문동,1**,단독,8m미만,64.46,79,1969,한천로55가길
941,서울특별시,동대문구,이문동,2**,단독,8m미만,107.1,79,1980,이문로35아길
942,서울특별시,동대문구,이문동,2**,단독,8m미만,51.97,83,1971,이문로35마길
943,서울특별시,동대문구,이문동,1**,단독,8m미만,52.66,83,1980,외대역동로
944,서울특별시,동대문구,이문동,2**,단독,8m미만,57.75,83,1964,천장산로
945,서울특별시,동대문구,이문동,2**,단독,8m미만,116.27,83,1994,신이문로16길
946,서울특별시,동대문구,이문동,2**,단독,8m미만,23.34,86,1961,이문로43길
947,서울특별시,동대문구,이문동,1**,단독,8m미만,50.68,86,1965,이문로34길
948,서울특별시,동대문구,이문동,1**,단독,8m미만,52.89,86,1980,외대역동로
949,서울특별시,동대문구,이문동,1**,단독,8m미만,52.89,86,1980,외대역동로
950,서울특별시,동대문구,이문동,2**,단독,8m미만,56.3,86,1965,이문로35라길
951,서울특별시,동대문구,이문동,1**,단독,8m미만,61.06,86,1970,외대역동로30길
952,서울특별시,동대문구,이문동,1**,단독,8m미만,64.99,86,1969,외대역동로32길
953,서울특별시,동대문구,이문동,8*,단독,8m미만,117.96,86,1998,외대역동로12가길
954,서울특별시,동대문구,이문동,2**,단독,8m미만,29.78,89,1985,화랑로32마길
955,서울특별시,동대문구,이문동,2**,단독,8m미만,48.15,89,1983,이문로43길
956,서울특별시,동대문구,이문동,1**,단독,8m미만,52.9,89,1968,외대역동로32길
957,서울특별시,동대문구,이문동,1**,단독,8m미만,53.78,89,1966,휘경로3길
958,서울특별시,동대문구,이문동,1**,단독,8m미만,108.39,89,1994,휘경로3라길
959,서울특별시,동대문구,이문동,1**,단독,8m미만,114.4,89,1994,휘경로3나길
960,서울특별시,동대문구,이문동,2**,단독,8m미만,133.32,89,1994,이문로30가길
961,서울특별시,동대문구,이문동,2**,단독,8m미만,144.7,89,1993,이문로34가길
962,서울특별시,동대문구,이문동,1**,단독,8m미만,145.61,89,1996,한천로55가길
963,서울특별시,동대문구,이문동,1**,단독,8m미만,149.85,89,1993,신이문로18길
964,서울특별시,동대문구,이문동,7*,단독,8m미만,161.03,91,1992,외대역동로14길
965,서울특별시,동대문구,이문동,2**,단독,8m미만,67.93,92,1968,이문로
966,서울특별시,동대문구,이문동,3**,단독,8m미만,51.47,93,1961,천장산로16길
967,서울특별시,동대문구,이문동,1**,단독,8m미만,57.75,93,1968,신이문로22길
968,서울특별시,동대문구,이문동,2**,단독,8m미만,58.74,93,1968,이문로32길
969,서울특별시,동대문구,이문동,2**,단독,8m미만,121.47,93,1994,이문로33길
970,서울특별시,동대문구,이문동,2**,단독,25m미만,138.9,93,1993,화랑로32길
971,서울특별시,동대문구,이문동,3**,단독,8m미만,155.99,93,1994,이문로25길
972,서울특별시,동대문구,이문동,2**,단독,8m미만,39.67,96,1968,이문로35아길
973,서울특별시,동대문구,이문동,1**,단독,8m미만,56.46,96,1961,휘경로3길
974,서울특별시,동대문구,이문동,2**,단독,8m미만,59.83,96,1985,이문로35아길
975,서울특별시,동대문구,이문동,1**,단독,8m미만,72.71,96,1968,외대역동로22길
976,서울특별시,동대문구,이문동,2**,단독,8m미만,119.17,96,1980,이문로35아길
977,서울특별시,동대문구,이문동,1**,단독,8m미만,167.66,96,1991,휘경로3길
978,서울특별시,동대문구,이문동,3**,단독,12m미만,189.53,97,1993,이문로17길
979,서울특별시,동대문구,이문동,1**,단독,8m미만,43.6,99,1980,휘경로3라길
980,서울특별시,동대문구,이문동,2**,단독,8m미만,49.45,99,1964,이문로30가길
981,서울특별시,동대문구,이문동,1**,단독,8m미만,57.03,99,1965,신이문로18길
982,서울특별시,동대문구,이문동,2**,단독,8m미만,58.41,99,1971,천장산로6길
983,서울특별시,동대문구,이문동,3**,단독,8m미만,59.74,99,1966,휘경로3길
984,서울특별시,동대문구,이문동,1**,단독,8m미만,118.96,99,1994,휘경로3길
985,서울특별시,동대문구,이문동,3**,단독,8m미만,183.94,100,1988,회기로25길
986,서울특별시,동대문구,이문동,2**,단독,8m미만,50.79,102,1980,이문로47길
987,서울특별시,동대문구,이문동,2**,단독,8m미만,53.52,102,1969,이문로32길
988,서울특별시,동대문구,이문동,1**,단독,8m미만,58.51,102,1968,이문로38길
989,서울특별시,동대문구,이문동,3**,단독,8m미만,143.37,102,1992,휘경로3길
990,서울특별시,동대문구,이문동,2**,단독,8m미만,150.52,102,1997,이문로35다길
991,서울특별시,동대문구,이문동,2**,단독,8m미만,58.1,106,1985,화랑로32마길
992,서울특별시,동대문구,이문동,2**,단독,8m미만,148.76,106,1993,이문로35아길
993,서울특별시,동대문구,이문동,3**,단독,8m미만,59.19,109,1980,이문로17길
994,서울특별시,동대문구,이문동,2**,단독,8m미만,45.4,112,1980,이문로33가길
995,서울특별시,동대문구,이문동,2**,단독,8m미만,45.4,112,1980,이문로33가길
996,서울특별시,동대문구,이문동,2**,단독,8m미만,58.98,112,1967,이문로34가길
997,서울특별시,동대문구,이문동,3**,단독,8m미만,148.13,112,1989,이문로19길
998,서울특별시,동대문구,이문동,2**,단독,8m미만,174.29,113,1991,이문로30길
999,서울특별시,동대문구,이문동,3**,단독,8m미만,34.41,115,1961,천장산로4가길
1000,서울특별시,동대문구,이문동,2**,단독,8m미만,47.11,116,1966,휘경로3길
1001,서울특별시,동대문구,이문동,2**,단독,8m미만,63.83,116,1975,이문로35가길
1002,서울특별시,동대문구,이문동,2**,단독,8m미만,79.72,116,1984,이문로35아길
1003,서울특별시,동대문구,이문동,2**,단독,8m미만,119.33,116,1977,이문로35바길
1004,서울특별시,동대문구,이문동,4**,단독,8m미만,59.24,119,1968,천장산로13길
1005,서울특별시,동대문구,이문동,1**,단독,8m미만,177.93,119,1991,신이문로8길
1006,서울특별시,동대문구,이문동,1**,단독,8m미만,226.27,119,1996,이문로42길
1007,서울특별시,동대문구,이문동,4**,단독,8m미만,61.59,122,1968,천장산로13길
1008,서울특별시,동대문구,이문동,2**,단독,8m미만,35.24,126,1971,이문로47길
1009,서울특별시,동대문구,이문동,1**,단독,8m미만,50.38,129,1967,휘경로3나길
1010,서울특별시,동대문구,이문동,2**,단독,8m미만,79.34,132,1966,신이문로4길
1011,서울특별시,동대문구,이문동,1**,단독,8m미만,116.79,132,1994,이문로34나길
1012,서울특별시,동대문구,이문동,2**,단독,8m미만,209.03,132,1990,신이문로6길
1013,서울특별시,동대문구,이문동,2**,단독,8m미만,142.53,133,1967,이문로43길
1014,서울특별시,동대문구,이문동,3**,단독,8m미만,201.76,136,1989,이문로19길
1015,서울특별시,동대문구,이문동,2**,단독,25m미만,245.31,136,1990,화랑로32길
1016,서울특별시,동대문구,이문동,2**,단독,8m미만,58.51,139,1966,화랑로32마길
1017,서울특별시,동대문구,이문동,1**,단독,8m미만,302.86,139,1993,휘경로3길
1018,서울특별시,동대문구,이문동,2**,단독,8m미만,39.34,142,1968,이문로43나길
1019,서울특별시,동대문구,이문동,4**,단독,8m미만,50.41,142,1968,천장산로13길
1020,서울특별시,동대문구,이문동,3**,단독,8m미만,200.39,142,1996,이문로19길
1021,서울특별시,동대문구,이문동,2**,단독,8m미만,272.42,142,1994,이문로30길
1022,서울특별시,동대문구,이문동,1**,단독,8m미만,143.6,146,1973,휘경로3길
1023,서울특별시,동대문구,이문동,2**,단독,12m미만,197.48,146,1985,천장산로
1024,서울특별시,동대문구,이문동,4**,단독,8m미만,60.41,149,1968,천장산로13길
1025,서울특별시,동대문구,이문동,3**,단독,8m미만,282.76,149,1989,이문로19길
1026,서울특별시,동대문구,이문동,2**,단독,8m미만,55.07,152,1962,이문로33길
1027,서울특별시,동대문구,이문동,2**,단독,8m미만,48.62,159,1965,천장산로6길
1028,서울특별시,동대문구,이문동,1**,단독,8m미만,299.06,162,1996,휘경로3나길
1029,서울특별시,동대문구,이문동,1**,단독,8m미만,219.11,165,1995,휘경로3나길
1030,서울특별시,동대문구,이문동,2**,단독,25m미만,504.55,175,1988,신이문로
1031,서울특별시,동대문구,이문동,2**,단독,8m미만,359.76,185,1991,이문로9나길
1032,서울특별시,동대문구,이문동,2**,단독,8m미만,262.14,195,1984,천장산로4길
1033,서울특별시,동대문구,이문동,3**,단독,12m미만,380.97,195,2009,이문로9길
1034,서울특별시,동대문구,이문동,2**,단독,8m미만,151.41,210,1981,천장산로9가길
1035,서울특별시,동대문구,이문동,2**,단독,8m미만,82.99,212,1970,이문로35길
1036,서울특별시,동대문구,이문동,1**,단독,8m미만,54.55,238,1962,휘경로3라길
1037,서울특별시,동대문구,이문동,3**,단독,25m미만,410.88,252,1994,이문로
1038,서울특별시,동대문구,이문동,1**,단독,8m미만,57.29,6969,1970,외대역동로27가길
1039,서울특별시,동대문구,장안동,1**,단독,8m미만,159.02,96,2009,답십리로
1040,서울특별시,동대문구,장안동,1**,단독,8m미만,196.98,106,1991,한천로38길
1041,서울특별시,동대문구,장안동,1**,단독,8m미만,137.98,116,1974,한천로38가길
1042,서울특별시,동대문구,장안동,1**,단독,8m미만,138.38,116,1974,한천로38가길
1043,서울특별시,동대문구,장안동,9*,단독,8m미만,147.16,116,1976,한천로42길
1044,서울특별시,동대문구,장안동,1**,단독,8m미만,271.4,116,1994,답십리로66길
1045,서울특별시,동대문구,장안동,1**,단독,12m미만,299.11,116,1992,답십리로63길
1046,서울특별시,동대문구,장안동,9*,단독,8m미만,192.06,121.44,1991,사가정로25가길
1047,서울특별시,동대문구,장안동,1**,단독,8m미만,125.85,122,1974,
1048,서울특별시,동대문구,장안동,1**,단독,8m미만,132.4,122,1975,
1049,서울특별시,동대문구,장안동,1**,단독,12m미만,134.35,122,1974,
1050,서울특별시,동대문구,장안동,1**,단독,8m미만,142.91,122,1974,
1051,서울특별시,동대문구,장안동,1**,단독,8m미만,218.84,122,1991,답십리로
1052,서울특별시,동대문구,장안동,5**,단독,8m미만,133.02,126,1974,한천로30길
1053,서울특별시,동대문구,장안동,1**,단독,8m미만,142.51,132,1976,한천로33길
1054,서울특별시,동대문구,장안동,2**,단독,8m미만,196.8,132.3,1986,장한로27나길
1055,서울특별시,동대문구,장안동,3**,단독,8m미만,218.4,145.6,1980,답십리로69가길
1056,서울특별시,동대문구,장안동,3**,단독,8m미만,222.15,149.1,1985,천호대로77다길
1057,서울특별시,동대문구,장안동,3**,단독,12m미만,318.2,155.85,1980,장한로14길
1058,서울특별시,동대문구,장안동,3**,단독,12m미만,399.69,157,1980,답십리로69길
1059,서울특별시,동대문구,장안동,3**,단독,8m미만,247.32,165.32,1985,장한로26가길
1060,서울특별시,동대문구,장안동,9*,단독,12m미만,178.88,166,1978,사가정로25길
1061,서울특별시,동대문구,장안동,4**,단독,12m미만,343.38,168,1980,천호대로97길
1062,서울특별시,동대문구,장안동,3**,단독,8m미만,253.44,169,1983,답십리로68길
1063,서울특별시,동대문구,장안동,3**,단독,8m미만,247.84,171.9,1982,
1064,서울특별시,동대문구,장안동,3**,단독,8m미만,300.26,171.9,1987,
1065,서울특별시,동대문구,장안동,1**,단독,12m미만,252.31,177,1980,한천로20길
1066,서울특별시,동대문구,장안동,1**,단독,12m미만,261.29,177,1981,한천로20길
1067,서울특별시,동대문구,장안동,1**,단독,12m미만,551.87,179,1997,한천로18길
1068,서울특별시,동대문구,장안동,4**,단독,8m미만,238.92,183.99,1982,천호대로87길
1069,서울특별시,동대문구,장안동,3**,단독,12m미만,382.32,193.5,1985,장한로17길
1070,서울특별시,동대문구,장안동,9*,단독,12m미만,209.28,220,1979,사가정로23가길
1071,서울특별시,동대문구,장안동,1**,단독,12m미만,447.79,224,2007,답십리로64길
1072,서울특별시,동대문구,장안동,3**,단독,12m미만,494.67,232,1980,장한로26다길
1073,서울특별시,동대문구,장안동,3**,단독,8m미만,289.68,304.8,1982,장한로34길
1074,서울특별시,동대문구,장안동,4**,단독,12m미만,692.51,347.1,1980,장한로10길
1075,서울특별시,동대문구,전농동,1**,다가구,8m미만,30.48,60,1980,서울시립대로28나길
1076,서울특별시,동대문구,전농동,1**,다가구,8m미만,97.63,61.1,1980,전농로37길
1077,서울특별시,동대문구,전농동,5**,다가구,8m미만,167.84,89,1999,답십리로23길
1078,서울특별시,동대문구,전농동,1**,다가구,8m미만,140.81,93,1980,서울시립대로18가길
1079,서울특별시,동대문구,전농동,4**,다가구,8m미만,152.74,94,1994,서울시립대로
1080,서울특별시,동대문구,전농동,6**,다가구,8m미만,176.04,112,1992,전농로31나길
1081,서울특별시,동대문구,전농동,5**,다가구,12m미만,189.57,112,1980,전농로27길
1082,서울특별시,동대문구,전농동,1**,다가구,8m미만,187.61,126,1980,서울시립대로19길
1083,서울특별시,동대문구,전농동,1**,다가구,8m미만,188.08,132,1980,서울시립대로
1084,서울특별시,동대문구,전농동,6*,다가구,8m미만,188.91,132,1980,사가정로13길
1085,서울특별시,동대문구,전농동,1**,다가구,8m미만,191.04,138.3,1980,전농로31나길
1086,서울특별시,동대문구,전농동,2**,다가구,12m미만,745.61,350,1984,전농로27길
1087,서울특별시,동대문구,전농동,6**,단독,8m미만,23.34,20,1979,전농로31나길
1088,서울특별시,동대문구,전농동,1**,단독,8m미만,13.22,20.8,1980,서울시립대로19길
1089,서울특별시,동대문구,전농동,1**,단독,8m미만,18.81,30,1985,전농로37가길
1090,서울특별시,동대문구,전농동,6**,단독,8m미만,62.81,33.13,1980,전농로31가길
1091,서울특별시,동대문구,전농동,6**,단독,12m미만,42.38,35.54,1976,답십리로15길
1092,서울특별시,동대문구,전농동,1**,단독,8m미만,25.56,36,1980,전농로37가길
1093,서울특별시,동대문구,전농동,1**,단독,25m이상,24.93,40,1956,서울시립대로28길
1094,서울특별시,동대문구,전농동,1**,단독,8m미만,34.92,43,1985,전농로37가길
1095,서울특별시,동대문구,전농동,1**,단독,8m미만,34.92,43,1985,전농로37가길
1096,서울특별시,동대문구,전농동,1**,단독,12m미만,38.14,43,1983,전농로37길
1097,서울특별시,동대문구,전농동,6**,단독,8m미만,58.45,44,1979,전농로31나길
1098,서울특별시,동대문구,전농동,1**,단독,12m미만,38.55,46,1980,전농로38가길
1099,서울특별시,동대문구,전농동,2**,단독,8m미만,30.3,49,2015,서울시립대로18가길
1100,서울특별시,동대문구,전농동,1**,단독,8m미만,33.05,56,1980,전농로27길
1101,서울특별시,동대문구,전농동,3**,단독,8m미만,76.64,60,2001,전농로15길
1102,서울특별시,동대문구,전농동,6**,단독,8m미만,36.07,62.5,1972,서울시립대로4길
1103,서울특별시,동대문구,전농동,1**,단독,12m미만,47.31,63,1980,
1104,서울특별시,동대문구,전농동,6*,단독,8m미만,35.97,66,1965,전농로20다길
1105,서울특별시,동대문구,전농동,2**,단독,8m미만,56.4,66,1980,전농로19길
1106,서울특별시,동대문구,전농동,1**,단독,12m미만,41.68,68,1983,전농로29길
1107,서울특별시,동대문구,전농동,6*,단독,8m미만,42.98,69,1965,
1108,서울특별시,동대문구,전농동,1**,단독,8m미만,101.55,69,1986,서울시립대로28가길
1109,서울특별시,동대문구,전농동,6*,단독,8m미만,44.76,73,1966,전농로20길
1110,서울특별시,동대문구,전농동,1**,단독,8m미만,35.43,76,1985,전농로31길
1111,서울특별시,동대문구,전농동,6**,단독,8m미만,47.01,79,1985,전농로31나길
1112,서울특별시,동대문구,전농동,6*,단독,8m미만,47.7,79,1980,사가정로13길
1113,서울특별시,동대문구,전농동,1**,단독,8m미만,125.49,79,1992,전농로37가길
1114,서울특별시,동대문구,전농동,3**,단독,8m미만,36.07,80,1965,전농로15길
1115,서울특별시,동대문구,전농동,6**,단독,8m미만,37.26,81,1985,전농로31가길
1116,서울특별시,동대문구,전농동,2**,단독,8m미만,27.77,82,1962,전농로29길
1117,서울특별시,동대문구,전농동,6*,단독,8m미만,68.66,83,1969,
1118,서울특별시,동대문구,전농동,1**,단독,25m이상,50.48,86,1985,전농로
1119,서울특별시,동대문구,전농동,2**,단독,8m미만,107.55,86,1989,답십리로23나길
1120,서울특별시,동대문구,전농동,6**,단독,8m미만,62.41,88.6,1960,서울시립대로5길
1121,서울특별시,동대문구,전농동,5*,단독,8m미만,73.15,89,1971,사가정로13길
1122,서울특별시,동대문구,전농동,5**,단독,8m미만,167.84,89,1999,답십리로23길
1123,서울특별시,동대문구,전농동,6*,단독,8m미만,38.18,93,1964,사가정로13길
1124,서울특별시,동대문구,전농동,6*,단독,8m미만,51.5,93,1965,사가정로13길
1125,서울특별시,동대문구,전농동,6*,단독,8m미만,107.74,93,1993,전농로20다길
1126,서울특별시,동대문구,전농동,6*,단독,8m미만,56.5,96,1965,전농로20다길
1127,서울특별시,동대문구,전농동,5*,단독,12m미만,58.18,96,1980,사가정로13가길
1128,서울특별시,동대문구,전농동,1**,단독,12m미만,68.83,96,1980,전농로29길
1129,서울특별시,동대문구,전농동,1**,단독,8m미만,177.44,96,1996,서울시립대로18가길
1130,서울특별시,동대문구,전농동,2**,단독,8m미만,209.03,96,1997,서울시립대로16길
1131,서울특별시,동대문구,전농동,1**,단독,8m미만,232.35,99,1989,전농로37가길
1132,서울특별시,동대문구,전농동,4**,단독,8m미만,42.96,102,1960,답십리로19길
1133,서울특별시,동대문구,전농동,6**,단독,8m미만,92.55,102.8,1970,서울시립대로4길
1134,서울특별시,동대문구,전농동,1**,단독,8m미만,53.26,106,1968,서울시립대로25길
1135,서울특별시,동대문구,전농동,6*,단독,8m미만,174.18,106,1989,사가정로13길
1136,서울특별시,동대문구,전농동,3**,단독,8m미만,181.45,116,1991,사가정로5길
1137,서울특별시,동대문구,전농동,*,단독,8m미만,119.72,119,1976,한천로33길
1138,서울특별시,동대문구,전농동,5**,단독,12m미만,192.73,119,1988,답십리로23길
1139,서울특별시,동대문구,전농동,3**,단독,8m미만,179.75,122,1992,전농로15길
1140,서울특별시,동대문구,전농동,5**,단독,25m이상,79.34,126,1980,서울시립대로
1141,서울특별시,동대문구,전농동,2**,단독,8m미만,199.29,126,1991,사가정로12길
1142,서울특별시,동대문구,전농동,2**,단독,12m미만,247.95,126,1988,전농로23길
1143,서울특별시,동대문구,전농동,1**,단독,8m미만,53.52,132,1962,답십리로23다길
1144,서울특별시,동대문구,전농동,1**,단독,12m미만,197.1,134,1983,전농로21길
1145,서울특별시,동대문구,전농동,*,단독,8m미만,165.95,136,1980,사가정로21길
1146,서울특별시,동대문구,전농동,6*,단독,8m미만,62.02,139,1964,사가정로13길
1147,서울특별시,동대문구,전농동,1**,단독,8m미만,249.28,139,1992,전농로38라길
1148,서울특별시,동대문구,전농동,2**,단독,12m미만,178.02,149,1980,전농로17길
1149,서울특별시,동대문구,전농동,5**,단독,12m미만,157.28,166,1979,전농로27길
1150,서울특별시,동대문구,전농동,6*,단독,8m미만,59.5,179,1973,사가정로13길
1151,서울특별시,동대문구,전농동,2**,단독,8m미만,356.94,181,1985,전농로17길
1152,서울특별시,동대문구,전농동,1**,단독,8m미만,157.75,222,1979,서울시립대로25길
1153,서울특별시,동대문구,전농동,1**,단독,12m미만,574.17,268,1994,전농로31길
1154,서울특별시,동대문구,전농동,*,단독,25m이상,992.42,340,1989,한천로
1155,서울특별시,동대문구,전농동,*,단독,25m이상,992.42,340,1989,한천로
1156,서울특별시,동대문구,제기동,1**,다가구,8m미만,172.21,76,1985,고산자로56길
1157,서울특별시,동대문구,제기동,1**,다가구,8m미만,144.36,99,1990,제기로15길
1158,서울특별시,동대문구,제기동,1**,다가구,8m미만,155.62,99.1,1980,제기로11길
1159,서울특별시,동대문구,제기동,6*,다가구,8m미만,223.89,146,1988,안암로18가길
1160,서울특별시,동대문구,제기동,1**,다가구,8m미만,249.48,182,1980,안암로20길
1161,서울특별시,동대문구,제기동,7**,단독,12m미만,35.26,25.76,1985,고산자로48길
1162,서울특별시,동대문구,제기동,5**,단독,12m미만,39.67,32.3,1948,홍릉로3길
1163,서울특별시,동대문구,제기동,1**,단독,8m미만,26.81,40,1962,안암로22길
1164,서울특별시,동대문구,제기동,1***,단독,25m이상,36.54,42.93,1985,회기로
1165,서울특별시,동대문구,제기동,1**,단독,8m미만,39.67,43,1980,제기로15길
1166,서울특별시,동대문구,제기동,1**,단독,12m미만,121.84,44,1977,고산자로60길
1167,서울특별시,동대문구,제기동,1**,단독,8m미만,26.01,53,1965,안암로22길
1168,서울특별시,동대문구,제기동,2**,단독,8m미만,19.83,60,1980,약령시로7길
1169,서울특별시,동대문구,제기동,1**,단독,8m미만,93.15,60,1998,제기로
1170,서울특별시,동대문구,제기동,1**,단독,12m미만,43.04,61,1980,안암로20길
1171,서울특별시,동대문구,제기동,1**,단독,8m미만,46.36,73,1985,고산자로52길
1172,서울특별시,동대문구,제기동,1**,단독,8m미만,66.12,76,1967,약령시로3길
1173,서울특별시,동대문구,제기동,1**,단독,8m미만,142.95,76,1994,안암로22길
1174,서울특별시,동대문구,제기동,5**,단독,8m미만,31.37,76.2,1947,홍릉로1가길
1175,서울특별시,동대문구,제기동,6*,단독,8m미만,49.59,83,1952,제기로4나길
1176,서울특별시,동대문구,제기동,4**,단독,8m미만,100.8,85.9,1964,경동시장로10길
1177,서울특별시,동대문구,제기동,2**,단독,8m미만,140.2,86,1991,약령시로17길
1178,서울특별시,동대문구,제기동,1**,단독,8m미만,36.36,90,1980,안암로22길
1179,서울특별시,동대문구,제기동,9**,단독,12m미만,67.21,90.4,1968,약령중앙로6길
1180,서울특별시,동대문구,제기동,1**,단독,8m미만,53.22,93,1977,제기로
1181,서울특별시,동대문구,제기동,1**,단독,8m미만,38.58,96,1976,제기로2가길
1182,서울특별시,동대문구,제기동,1**,단독,8m미만,48.92,96,1980,안암로20길
1183,서울특별시,동대문구,제기동,1**,단독,8m미만,165.29,96,1995,약령시로3길
1184,서울특별시,동대문구,제기동,6**,단독,12m미만,46.08,98.7,1960,고산자로50길
1185,서울특별시,동대문구,제기동,6*,단독,8m미만,86.91,99,1973,안암로
1186,서울특별시,동대문구,제기동,1**,단독,8m미만,149.88,99,1992,안암로22길
1187,서울특별시,동대문구,제기동,8**,단독,8m미만,211.35,99.2,1991,약령서길
1188,서울특별시,동대문구,제기동,8**,단독,8m미만,40.5,101.89,1959,약령중앙로13길
1189,서울특별시,동대문구,제기동,1**,단독,8m미만,165.51,106,2015,무학로44길
1190,서울특별시,동대문구,제기동,3**,단독,8m미만,209.38,109.8,1995,경동시장로20길
1191,서울특별시,동대문구,제기동,6*,단독,8m미만,87.6,117,1968,제기로6길
1192,서울특별시,동대문구,제기동,6*,단독,8m미만,175.9,119,1987,제기로2길
1193,서울특별시,동대문구,제기동,8**,단독,12m미만,101.38,120.9,1968,약령중앙로12길
1194,서울특별시,동대문구,제기동,1**,단독,8m미만,175.23,122,1986,고산자로52길
1195,서울특별시,동대문구,제기동,8**,단독,8m미만,241.2,125.65,2006,약령중앙로13길
1196,서울특별시,동대문구,제기동,1**,단독,8m미만,129.66,126,1965,제기로4다길
1197,서울특별시,동대문구,제기동,8**,단독,25m이상,183.74,127,1991,경동시장로9가길
1198,서울특별시,동대문구,제기동,8**,단독,12m미만,74.68,140,1962,약령시로14길
1199,서울특별시,동대문구,제기동,8**,단독,25m미만,294.48,141.8,2011,정릉천동로
1200,서울특별시,동대문구,제기동,1**,단독,8m미만,299.49,152,2016,무학로44길
1201,서울특별시,동대문구,제기동,6*,단독,8m미만,45.09,155,1956,안암로
1202,서울특별시,동대문구,제기동,9**,단독,12m미만,388.57,163,1991,약령동길
1203,서울특별시,동대문구,제기동,8**,단독,8m미만,92.96,167.2,1965,경동시장로9가길
1204,서울특별시,동대문구,제기동,1**,단독,8m미만,78.84,169,1966,무학로44길
1205,서울특별시,동대문구,제기동,6*,단독,8m미만,346.06,191,1988,제기로2길
1206,서울특별시,동대문구,제기동,1**,단독,8m미만,330,208,1993,고산자로54길
1207,서울특별시,동대문구,제기동,1***,단독,25m이상,418.44,212,1984,회기로2길
1208,서울특별시,동대문구,제기동,8**,단독,8m미만,193.46,221.5,1976,약령서길
1209,서울특별시,동대문구,제기동,6*,단독,8m미만,510.21,260,1996,안암로18길
1210,서울특별시,동대문구,제기동,6*,단독,8m미만,318.09,338,1958,제기로2길
1211,서울특별시,동대문구,청량리동,2**,다가구,8m미만,36.12,52.9,1980,제기로
1212,서울특별시,동대문구,청량리동,4**,다가구,12m미만,119.89,82.4,1995,홍릉로18길
1213,서울특별시,동대문구,청량리동,4**,다가구,8m미만,341.24,89,1980,제기로29길
1214,서울특별시,동대문구,청량리동,4**,다가구,8m미만,150.46,91.2,1980,제기로
1215,서울특별시,동대문구,청량리동,2**,다가구,8m미만,114.54,93,1980,제기로17길
1216,서울특별시,동대문구,청량리동,4*,다가구,8m미만,118.44,93.5,1995,왕산로45길
1217,서울특별시,동대문구,청량리동,8**,다가구,8m미만,164.33,106.4,1980,홍릉로24길
1218,서울특별시,동대문구,청량리동,4**,다가구,8m미만,175.26,107.1,1986,홍릉로10길
1219,서울특별시,동대문구,청량리동,4**,다가구,12m미만,214.95,115.5,1980,홍릉로18길
1220,서울특별시,동대문구,청량리동,5*,다가구,12m미만,720.9,316.5,1993,왕산로43다길
1221,서울특별시,동대문구,청량리동,5*,단독,8m미만,12.18,13.1,1980,제기로38길
1222,서울특별시,동대문구,청량리동,2**,단독,8m미만,23.14,29.8,1980,제기로31길
1223,서울특별시,동대문구,청량리동,2**,단독,8m미만,23.14,32.1,1980,홍릉로12길
1224,서울특별시,동대문구,청량리동,3**,단독,8m미만,24.86,33.7,1967,약령시로19길
1225,서울특별시,동대문구,청량리동,2**,단독,8m미만,49.58,39,1980,제기로21길
1226,서울특별시,동대문구,청량리동,2**,단독,12m미만,59.5,40,1980,회기로8길
1227,서울특별시,동대문구,청량리동,4**,단독,8m미만,33.05,42,1980,제기로25길
1228,서울특별시,동대문구,청량리동,1**,단독,8m미만,19.83,49.45,1980,제기로25길
1229,서울특별시,동대문구,청량리동,1**,단독,8m미만,43.26,54,1985,제기로25길
1230,서울특별시,동대문구,청량리동,2**,단독,8m미만,19.83,56,1980,제기로17길
1231,서울특별시,동대문구,청량리동,2**,단독,8m미만,49.58,56,1980,제기로21길
1232,서울특별시,동대문구,청량리동,2**,단독,12m미만,56.2,57.2,1980,홍릉로8길
1233,서울특별시,동대문구,청량리동,2**,단독,8m미만,27.54,63,1961,고산자로54길
1234,서울특별시,동대문구,청량리동,2**,단독,8m미만,39.67,63,1990,홍릉로29길
1235,서울특별시,동대문구,청량리동,2**,단독,25m이상,56.19,63,1980,홍릉로27길
1236,서울특별시,동대문구,청량리동,2**,단독,8m미만,95.98,63,1980,제기로21길
1237,서울특별시,동대문구,청량리동,2**,단독,8m미만,54.54,66,1980,제기로23길
1238,서울특별시,동대문구,청량리동,2**,단독,8m미만,38.15,69,1965,제기로21길
1239,서울특별시,동대문구,청량리동,5*,단독,8m미만,93.48,71,1988,왕산로43나길
1240,서울특별시,동대문구,청량리동,1**,단독,8m미만,41.38,73,1985,제기로25길
1241,서울특별시,동대문구,청량리동,5**,단독,8m미만,49.58,73.03,1980,제기로21길
1242,서울특별시,동대문구,청량리동,2**,단독,8m미만,130.73,80,1993,제기로23길
1243,서울특별시,동대문구,청량리동,9**,단독,8m미만,133.98,81.1,1994,제기로
1244,서울특별시,동대문구,청량리동,1**,단독,-,44.21,83,1985,제기로25길
1245,서울특별시,동대문구,청량리동,5*,단독,12m미만,149.71,84.9,1993,왕산로43나길
1246,서울특별시,동대문구,청량리동,2**,단독,8m미만,57.9,86,1965,고산자로54길
1247,서울특별시,동대문구,청량리동,2**,단독,8m미만,89.22,86,1980,제기로21길
1248,서울특별시,동대문구,청량리동,2**,단독,8m미만,108.06,86,1980,제기로21길
1249,서울특별시,동대문구,청량리동,6**,단독,8m미만,282.28,87.6,1969,약령시로
1250,서울특별시,동대문구,청량리동,2**,단독,8m미만,49.58,89,1980,제기로21길
1251,서울특별시,동대문구,청량리동,2**,단독,8m미만,112.98,93,1980,제기로23길
1252,서울특별시,동대문구,청량리동,4**,단독,8m미만,52.89,94.2,1980,홍릉로20길
1253,서울특별시,동대문구,청량리동,3**,단독,8m미만,131.13,95.9,1992,홍릉로
1254,서울특별시,동대문구,청량리동,3**,단독,8m미만,131.13,95.9,1992,홍릉로
1255,서울특별시,동대문구,청량리동,2**,단독,8m미만,84.71,96,1980,제기로23길
1256,서울특별시,동대문구,청량리동,2**,단독,8m미만,92.6,96,1985,제기로17길
1257,서울특별시,동대문구,청량리동,4**,단독,8m미만,146.26,101.1,1995,제기로26길
1258,서울특별시,동대문구,청량리동,2**,단독,8m미만,127.8,102,1980,제기로17길
1259,서울특별시,동대문구,청량리동,8**,단독,8m미만,173.64,106.6,1981,홍릉로22가길
1260,서울특별시,동대문구,청량리동,1*,단독,8m미만,179.62,119,1996,왕산로
1261,서울특별시,동대문구,청량리동,6*,단독,8m미만,179.82,126,1997,제기로37길
1262,서울특별시,동대문구,청량리동,8**,단독,8m미만,197.76,126.2,1981,제기로31길
1263,서울특별시,동대문구,청량리동,2**,단독,25m미만,113.42,132,1963,제기로17길
1264,서울특별시,동대문구,청량리동,2**,단독,8m미만,196.88,132,1992,제기로29길
1265,서울특별시,동대문구,청량리동,4**,단독,25m이상,198.35,134.8,1980,제기로
1266,서울특별시,동대문구,청량리동,5*,단독,8m미만,209.75,135.6,1989,제기로36길
1267,서울특별시,동대문구,청량리동,4*,단독,8m미만,288.62,173.1,1986,왕산로45길
1268,서울특별시,동대문구,회기동,5*,다가구,8m미만,207.52,144,1998,회기로23길
1269,서울특별시,동대문구,회기동,5*,단독,-,85.48,54,1997,회기로23길
1270,서울특별시,동대문구,회기동,*,단독,8m미만,37.75,69,1966,경희대로6길
1271,서울특별시,동대문구,회기동,6*,단독,12m미만,42.3,76,2005,이문로
1272,서울특별시,동대문구,회기동,*,단독,8m미만,36.17,79,1980,회기로23나길
1273,서울특별시,동대문구,회기동,4*,단독,8m미만,42.35,85,1957,회기로
1274,서울특별시,동대문구,회기동,1**,단독,8m미만,147.22,89,1994,이문로3길
1275,서울특별시,동대문구,회기동,2*,단독,8m미만,201.47,93,1997,회기로21길
1276,서울특별시,동대문구,회기동,1**,단독,8m미만,163.54,112,1992,회기로14길
1277,서울특별시,동대문구,회기동,1**,단독,8m미만,179.43,116,1995,회기로12길
1278,서울특별시,동대문구,회기동,1**,단독,8m미만,209.25,119,1993,회기로12길
1279,서울특별시,동대문구,회기동,1**,단독,8m미만,209.25,119,1993,회기로12길
1280,서울특별시,동대문구,회기동,5*,단독,8m미만,97.73,175,1912,회기로
1281,서울특별시,동대문구,회기동,6*,단독,8m미만,182.61,225,1973,회기로
1282,서울특별시,동대문구,휘경동,1**,다가구,8m미만,138.46,89,1990,휘경로14가길
1283,서울특별시,동대문구,휘경동,1**,다가구,8m미만,100.27,96,1992,외대역동로5나길
1284,서울특별시,동대문구,휘경동,1**,다가구,8m미만,130.68,96,1980,휘경로12나길
1285,서울특별시,동대문구,휘경동,2**,다가구,8m미만,192.13,149,1970,망우로16길
1286,서울특별시,동대문구,휘경동,1**,다가구,8m미만,275.4,178,1988,이문로12길
1287,서울특별시,동대문구,휘경동,1**,단독,8m미만,20.26,43,1967,휘경로14나길
1288,서울특별시,동대문구,휘경동,1**,단독,8m미만,23.37,53,1973,휘경로12길
1289,서울특별시,동대문구,휘경동,2**,단독,8m미만,31.93,56,1961,망우로12라길
1290,서울특별시,동대문구,휘경동,9*,단독,8m미만,91.56,69,1993,외대역동로7길
1291,서울특별시,동대문구,휘경동,1**,단독,8m미만,43.34,76,1964,외대역동로5가길
1292,서울특별시,동대문구,휘경동,1**,단독,8m미만,46.28,76,1943,외대역동로5길
1293,서울특별시,동대문구,휘경동,1**,단독,8m미만,117.16,76,1993,휘경로14길
1294,서울특별시,동대문구,휘경동,1**,단독,8m미만,58.02,79,1966,휘경로14길
1295,서울특별시,동대문구,휘경동,1**,단독,8m미만,50.94,83,1967,휘경로
1296,서울특별시,동대문구,휘경동,3**,단독,8m미만,133.17,86,1993,서울시립대로29가길
1297,서울특별시,동대문구,휘경동,1**,단독,8m미만,137.75,86,1993,외대역동로5가길
1298,서울특별시,동대문구,휘경동,1**,단독,8m미만,65.88,89,1969,휘경로14길
1299,서울특별시,동대문구,휘경동,1**,단독,8m미만,122.22,89,1991,휘경로14가길
1300,서울특별시,동대문구,휘경동,1**,단독,8m미만,147.03,93,1989,외대역동로14길
1301,서울특별시,동대문구,휘경동,1**,단독,8m미만,155.31,93,1993,휘경로14나길
1302,서울특별시,동대문구,휘경동,3**,단독,8m미만,44.89,96,1963,망우로1길
1303,서울특별시,동대문구,휘경동,1**,단독,8m미만,132.06,96,1991,휘경로12가길
1304,서울특별시,동대문구,휘경동,1**,단독,8m미만,163.05,99,1991,휘경로14길
1305,서울특별시,동대문구,휘경동,3**,단독,8m미만,59.02,102,1985,서울시립대로29가길
1306,서울특별시,동대문구,휘경동,1**,단독,8m미만,43.04,106,1961,휘경로14가길
1307,서울특별시,동대문구,휘경동,1**,단독,8m미만,119.23,109,1993,회기로29길
1308,서울특별시,동대문구,휘경동,2**,단독,8m미만,69.69,112,1973,망우로18길
1309,서울특별시,동대문구,휘경동,1**,단독,8m미만,57.62,116,1967,휘경로14길
1310,서울특별시,동대문구,휘경동,1**,단독,8m미만,137.88,122,1996,이문로6길
1311,서울특별시,동대문구,휘경동,4*,단독,25m이상,146.47,135,1977,한천로
1312,서울특별시,동대문구,휘경동,3**,단독,8m미만,223.09,136,1991,망우로10길
1313,서울특별시,동대문구,휘경동,2**,단독,8m미만,135.48,139,1972,망우로18바길
1314,서울특별시,동대문구,휘경동,1**,단독,8m미만,199.26,139,1992,휘경로12가길
1315,서울특별시,동대문구,휘경동,2**,단독,8m미만,139.73,146,1991,망우로18가길
1316,서울특별시,동대문구,휘경동,2**,단독,8m미만,298.08,146,2016,망우로18가길
1317,서울특별시,동대문구,휘경동,1**,단독,8m미만,308.54,149,1993,휘경로
1318,서울특별시,동대문구,휘경동,3**,단독,8m미만,229.04,159,1983,전농로38길
1319,서울특별시,동대문구,휘경동,2**,단독,8m미만,212.73,165,1970,망우로18나길
1320,서울특별시,동대문구,휘경동,1**,단독,8m미만,450.48,195,1994,회기로31길
1321,서울특별시,동대문구,휘경동,2**,단독,8m미만,320.57,212,1994,망우로12라길
1322,서울특별시,동대문구,휘경동,2**,단독,25m이상,795.8,486,1985,망우로21가길
