id,si,gu,dong,bunji,yearSold,daySold,salesPrice
1,서울특별시,성북구,길음동,5**,201801,11~20,32330
4,서울특별시,성북구,길음동,5**,201801,1~10,52800
12,서울특별시,성북구,길음동,9**,201801,21~31,46850
28,서울특별시,성북구,동선동4가,2**,201801,1~10,111000
30,서울특별시,성북구,동선동5가,7*,201801,11~20,36600
32,서울특별시,성북구,동선동5가,9*,201801,21~31,30000
41,서울특별시,성북구,동소문동4가,1**,201801,21~31,232500
43,서울특별시,성북구,동소문동5가,2*,201801,1~10,50000
44,서울특별시,성북구,동소문동6가,7*,201801,11~20,43328
53,서울특별시,성북구,보문동1가,1**,201801,21~31,21700
62,서울특별시,성북구,보문동6가,3**,201801,1~10,33750
74,서울특별시,성북구,삼선동1가,1*,201801,1~10,24000
79,서울특별시,성북구,삼선동1가,2**,201801,21~31,47164
84,서울특별시,성북구,삼선동1가,3**,201801,11~20,21400
97,서울특별시,성북구,삼선동2가,2**,201801,1~10,75000
99,서울특별시,성북구,삼선동2가,3**,201801,11~20,70000
110,서울특별시,성북구,삼선동5가,1**,201801,1~10,110500
125,서울특별시,성북구,상월곡동,8*,201801,11~20,29800
129,서울특별시,성북구,상월곡동,5*,201801,11~20,53500
130,서울특별시,성북구,상월곡동,7*,201801,11~20,49000
132,서울특별시,성북구,상월곡동,5*,201801,21~31,57000
133,서울특별시,성북구,상월곡동,*,201801,21~31,64800
134,서울특별시,성북구,상월곡동,7*,201801,11~20,100000
145,서울특별시,성북구,석관동,2**,201801,1~10,30700
150,서울특별시,성북구,석관동,1**,201801,11~20,51000
170,서울특별시,성북구,석관동,3**,201801,21~31,25200
174,서울특별시,성북구,석관동,3**,201801,21~31,26000
177,서울특별시,성북구,석관동,3**,201801,1~10,27600
194,서울특별시,성북구,석관동,1**,201801,1~10,39000
195,서울특별시,성북구,석관동,1**,201801,1~10,44000
200,서울특별시,성북구,석관동,1**,201801,21~31,44800
201,서울특별시,성북구,석관동,1**,201801,21~31,44800
208,서울특별시,성북구,석관동,3**,201801,21~31,48000
209,서울특별시,성북구,석관동,1**,201801,11~20,30450
211,서울특별시,성북구,석관동,3**,201801,21~31,51000
216,서울특별시,성북구,석관동,2**,201801,21~31,52000
217,서울특별시,성북구,석관동,3**,201801,1~10,36500
231,서울특별시,성북구,석관동,1**,201801,21~31,57050
232,서울특별시,성북구,석관동,1**,201801,21~31,56000
240,서울특별시,성북구,석관동,1**,201801,21~31,62500
243,서울특별시,성북구,석관동,1**,201801,1~10,47000
247,서울특별시,성북구,석관동,3**,201801,21~31,50000
255,서울특별시,성북구,석관동,3**,201801,1~10,55000
266,서울특별시,성북구,성북동,산2*,201801,11~20,9000
271,서울특별시,성북구,성북동,2**,201801,1~10,19300
283,서울특별시,성북구,성북동,1**,201801,21~31,22100
285,서울특별시,성북구,성북동,1**,201801,11~20,60000
286,서울특별시,성북구,성북동,1*,201801,21~31,135000
293,서울특별시,성북구,성북동,1**,201801,21~31,104500
294,서울특별시,성북구,성북동,2*,201801,21~31,217000
307,서울특별시,성북구,안암동2가,9*,201801,11~20,50000
309,서울특별시,성북구,안암동2가,1**,201801,11~20,17500
316,서울특별시,성북구,안암동3가,1**,201801,1~10,14000
317,서울특별시,성북구,안암동3가,1**,201801,21~31,13000
320,서울특별시,성북구,안암동3가,1**,201801,21~31,31000
322,서울특별시,성북구,안암동4가,3*,201801,1~10,49000
324,서울특별시,성북구,안암동5가,1**,201801,1~10,69000
325,서울특별시,성북구,안암동5가,8*,201801,11~20,26600
326,서울특별시,성북구,안암동5가,1**,201801,11~20,66000
333,서울특별시,성북구,장위동,6*,201801,1~10,39800
339,서울특별시,성북구,장위동,7*,201801,1~10,53000
353,서울특별시,성북구,장위동,2**,201801,11~20,23200
359,서울특별시,성북구,장위동,6*,201801,21~31,30687
369,서울특별시,성북구,장위동,1**,201801,11~20,33300
370,서울특별시,성북구,장위동,1**,201801,11~20,32850
398,서울특별시,성북구,장위동,6*,201801,11~20,24000
401,서울특별시,성북구,장위동,7*,201801,11~20,38000
411,서울특별시,성북구,장위동,1**,201801,11~20,40900
426,서울특별시,성북구,장위동,2**,201801,1~10,34000
430,서울특별시,성북구,장위동,1**,201801,11~20,46500
432,서울특별시,성북구,장위동,3**,201801,1~10,43200
449,서울특별시,성북구,장위동,1**,201801,11~20,44611
460,서울특별시,성북구,장위동,2**,201801,11~20,54700
463,서울특별시,성북구,장위동,2**,201801,21~31,36050
465,서울특별시,성북구,장위동,4*,201801,11~20,53400
472,서울특별시,성북구,장위동,7*,201801,1~10,63000
494,서울특별시,성북구,장위동,2**,201801,1~10,52400
495,서울특별시,성북구,장위동,2**,201801,21~31,73750
507,서울특별시,성북구,장위동,3**,201801,1~10,64000
511,서울특별시,성북구,장위동,1**,201801,11~20,71460
514,서울특별시,성북구,장위동,2**,201801,1~10,65100
532,서울특별시,성북구,정릉동,2**,201801,11~20,55500
538,서울특별시,성북구,정릉동,3**,201801,21~31,108500
541,서울특별시,성북구,정릉동,1*,201801,21~31,9000
542,서울특별시,성북구,정릉동,6**,201801,21~31,11000
549,서울특별시,성북구,정릉동,1*,201801,21~31,30000
561,서울특별시,성북구,정릉동,7**,201801,1~10,32393
569,서울특별시,성북구,정릉동,7**,201801,1~10,34617
571,서울특별시,성북구,정릉동,7**,201801,1~10,35570
579,서울특별시,성북구,정릉동,6**,201801,21~31,26000
582,서울특별시,성북구,정릉동,1**,201801,11~20,62700
590,서울특별시,성북구,정릉동,3**,201801,11~20,48000
600,서울특별시,성북구,정릉동,2**,201801,11~20,85000
601,서울특별시,성북구,정릉동,1**,201801,11~20,65000
602,서울특별시,성북구,정릉동,2**,201801,1~10,61900
607,서울특별시,성북구,정릉동,7**,201801,1~10,41000
614,서울특별시,성북구,정릉동,3**,201801,1~10,97000
618,서울특별시,성북구,정릉동,8**,201801,11~20,84000
620,서울특별시,성북구,정릉동,8**,201801,11~20,71000
626,서울특별시,성북구,종암동,1**,201801,11~20,20500
631,서울특별시,성북구,종암동,*,201801,11~20,22000
638,서울특별시,성북구,종암동,*,201801,21~31,27500
644,서울특별시,성북구,종암동,*,201801,21~31,42000
647,서울특별시,성북구,종암동,9*,201801,21~31,44000
648,서울특별시,성북구,종암동,*,201801,11~20,44528
654,서울특별시,성북구,종암동,1**,201801,11~20,54000
655,서울특별시,성북구,종암동,1**,201801,11~20,55500
657,서울특별시,성북구,종암동,2*,201801,1~10,134000
683,서울특별시,성북구,하월곡동,4*,201801,1~10,59500
684,서울특별시,성북구,하월곡동,4*,201801,1~10,45300
699,서울특별시,동대문구,답십리동,3**,201801,21~31,41000
703,서울특별시,동대문구,답십리동,2*,201801,21~31,100000
707,서울특별시,동대문구,답십리동,3**,201801,11~20,25000
709,서울특별시,동대문구,답십리동,4**,201801,21~31,29250
720,서울특별시,동대문구,답십리동,*,201801,21~31,37900
732,서울특별시,동대문구,답십리동,4**,201801,21~31,68000
741,서울특별시,동대문구,답십리동,4**,201801,21~31,75000
753,서울특별시,동대문구,신설동,9*,201801,21~31,41850
761,서울특별시,동대문구,용두동,2**,201801,11~20,100000
766,서울특별시,동대문구,용두동,2**,201801,11~20,25367
770,서울특별시,동대문구,용두동,2**,201801,21~31,30286
771,서울특별시,동대문구,용두동,2**,201801,1~10,19000
773,서울특별시,동대문구,용두동,7**,201801,11~20,31500
775,서울특별시,동대문구,용두동,3*,201801,21~31,27000
776,서울특별시,동대문구,용두동,7**,201801,1~10,31500
779,서울특별시,동대문구,용두동,1**,201801,21~31,41000
781,서울특별시,동대문구,용두동,2**,201801,21~31,43000
785,서울특별시,동대문구,용두동,1**,201801,11~20,140000
788,서울특별시,동대문구,용두동,7**,201801,11~20,45500
790,서울특별시,동대문구,용두동,1**,201801,1~10,55100
794,서울특별시,동대문구,용두동,1**,201801,1~10,41900
795,서울특별시,동대문구,용두동,7**,201801,21~31,40000
796,서울특별시,동대문구,용두동,7**,201801,21~31,46000
797,서울특별시,동대문구,용두동,1**,201801,11~20,120000
812,서울특별시,동대문구,용두동,7**,201801,21~31,75000
813,서울특별시,동대문구,용두동,1**,201801,21~31,62000
814,서울특별시,동대문구,용두동,1**,201801,21~31,99000
815,서울특별시,동대문구,용두동,3*,201801,21~31,83500
819,서울특별시,동대문구,용두동,7**,201801,1~10,73500
822,서울특별시,동대문구,용두동,3*,201801,11~20,121000
831,서울특별시,동대문구,이문동,1**,201801,11~20,43300
853,서울특별시,동대문구,이문동,2**,201801,1~10,13500
856,서울특별시,동대문구,이문동,2**,201801,11~20,16000
857,서울특별시,동대문구,이문동,2**,201801,21~31,17000
860,서울특별시,동대문구,이문동,2**,201801,21~31,18000
865,서울특별시,동대문구,이문동,3**,201801,11~20,17500
866,서울특별시,동대문구,이문동,1**,201801,11~20,25500
870,서울특별시,동대문구,이문동,1**,201801,21~31,28500
871,서울특별시,동대문구,이문동,8*,201801,11~20,19000
880,서울특별시,동대문구,이문동,3**,201801,11~20,22489
883,서울특별시,동대문구,이문동,3**,201801,21~31,22000
886,서울특별시,동대문구,이문동,1**,201801,21~31,22500
891,서울특별시,동대문구,이문동,1**,201801,21~31,29990
893,서울특별시,동대문구,이문동,3**,201801,1~10,17200
897,서울특별시,동대문구,이문동,3**,201801,21~31,24000
899,서울특별시,동대문구,이문동,2**,201801,11~20,24000
909,서울특별시,동대문구,이문동,2**,201801,21~31,27400
913,서울특별시,동대문구,이문동,1**,201801,21~31,34000
921,서울특별시,동대문구,이문동,1**,201801,11~20,25300
927,서울특별시,동대문구,이문동,2**,201801,11~20,25000
933,서울특별시,동대문구,이문동,1**,201801,21~31,36300
934,서울특별시,동대문구,이문동,2**,201801,11~20,32500
938,서울특별시,동대문구,이문동,1**,201801,11~20,39000
941,서울특별시,동대문구,이문동,2**,201801,21~31,29000
946,서울특별시,동대문구,이문동,2**,201801,11~20,26900
947,서울특별시,동대문구,이문동,1**,201801,21~31,39000
953,서울특별시,동대문구,이문동,8*,201801,21~31,41000
954,서울특별시,동대문구,이문동,2**,201801,21~31,19470
961,서울특별시,동대문구,이문동,2**,201801,11~20,48000
967,서울특별시,동대문구,이문동,1**,201801,1~10,27800
968,서울특별시,동대문구,이문동,2**,201801,21~31,44500
970,서울특별시,동대문구,이문동,2**,201801,1~10,53000
977,서울특별시,동대문구,이문동,1**,201801,11~20,50600
985,서울특별시,동대문구,이문동,3**,201801,11~20,59500
986,서울특별시,동대문구,이문동,2**,201801,21~31,29700
999,서울특별시,동대문구,이문동,3**,201801,11~20,34000
1010,서울특별시,동대문구,이문동,2**,201801,1~10,63500
1012,서울특별시,동대문구,이문동,2**,201801,11~20,65900
1019,서울특별시,동대문구,이문동,4**,201801,1~10,47500
1020,서울특별시,동대문구,이문동,3**,201801,11~20,133300
1029,서울특별시,동대문구,이문동,1**,201801,21~31,69000
1041,서울특별시,동대문구,장안동,1**,201801,21~31,40000
1042,서울특별시,동대문구,장안동,1**,201801,11~20,59500
1044,서울특별시,동대문구,장안동,1**,201801,11~20,58000
1045,서울특별시,동대문구,장안동,1**,201801,21~31,89700
1067,서울특별시,동대문구,장안동,1**,201801,1~10,162000
1091,서울특별시,동대문구,전농동,6**,201801,11~20,31300
1104,서울특별시,동대문구,전농동,6*,201801,21~31,26350
1107,서울특별시,동대문구,전농동,6*,201801,21~31,29400
1116,서울특별시,동대문구,전농동,2**,201801,21~31,38440
1117,서울특별시,동대문구,전농동,6*,201801,21~31,31000
1119,서울특별시,동대문구,전농동,2**,201801,21~31,48127
1128,서울특별시,동대문구,전농동,1**,201801,1~10,40600
1129,서울특별시,동대문구,전농동,1**,201801,1~10,56000
1130,서울특별시,동대문구,전농동,2**,201801,11~20,55100
1139,서울특별시,동대문구,전농동,3**,201801,21~31,54000
1143,서울특별시,동대문구,전농동,1**,201801,11~20,50000
1168,서울특별시,동대문구,제기동,2**,201801,11~20,19700
1172,서울특별시,동대문구,제기동,1**,201801,1~10,35000
1175,서울특별시,동대문구,제기동,6*,201801,1~10,33000
1176,서울특별시,동대문구,제기동,4**,201801,11~20,32000
1178,서울특별시,동대문구,제기동,1**,201801,21~31,40800
1179,서울특별시,동대문구,제기동,9**,201801,21~31,31800
1183,서울특별시,동대문구,제기동,1**,201801,21~31,57300
1187,서울특별시,동대문구,제기동,8**,201801,1~10,57000
1199,서울특별시,동대문구,제기동,8**,201801,11~20,129000
1200,서울특별시,동대문구,제기동,1**,201801,21~31,125000
1202,서울특별시,동대문구,제기동,9**,201801,21~31,151000
1211,서울특별시,동대문구,청량리동,2**,201801,11~20,23800
1220,서울특별시,동대문구,청량리동,5*,201801,21~31,165000
1231,서울특별시,동대문구,청량리동,2**,201801,21~31,26350
1233,서울특별시,동대문구,청량리동,2**,201801,11~20,27550
1234,서울특별시,동대문구,청량리동,2**,201801,1~10,26600
1238,서울특별시,동대문구,청량리동,2**,201801,21~31,29700
1252,서울특별시,동대문구,청량리동,4**,201801,11~20,29000
1256,서울특별시,동대문구,청량리동,2**,201801,21~31,42340
1262,서울특별시,동대문구,청량리동,8**,201801,11~20,50000
1264,서울특별시,동대문구,청량리동,2**,201801,21~31,52000
1277,서울특별시,동대문구,회기동,1**,201801,21~31,57000
1280,서울특별시,동대문구,회기동,5*,201801,1~10,135000
1282,서울특별시,동대문구,휘경동,1**,201801,1~10,41000
1283,서울특별시,동대문구,휘경동,1**,201801,1~10,44000
1288,서울특별시,동대문구,휘경동,1**,201801,11~20,26000
1301,서울특별시,동대문구,휘경동,1**,201801,21~31,33000
1304,서울특별시,동대문구,휘경동,1**,201801,11~20,50300
1312,서울특별시,동대문구,휘경동,3**,201801,1~10,84000
1315,서울특별시,동대문구,휘경동,2**,201801,1~10,50000
1319,서울특별시,동대문구,휘경동,2**,201801,21~31,92500
1321,서울특별시,동대문구,휘경동,2**,201801,1~10,114000
3,서울특별시,성북구,길음동,4**,201802,21~28,59000
6,서울특별시,성북구,길음동,5**,201802,1~10,35695
13,서울특별시,성북구,길음동,1***,201802,1~10,57800
15,서울특별시,성북구,길음동,1***,201802,1~10,63600
18,서울특별시,성북구,돈암동,4*,201802,1~10,31700
22,서울특별시,성북구,동선동2가,3**,201802,11~20,14000
24,서울특별시,성북구,동선동3가,1**,201802,1~10,27200
37,서울특별시,성북구,동소문동2가,7*,201802,21~28,42250
38,서울특별시,성북구,동소문동2가,6*,201802,21~28,43000
45,서울특별시,성북구,동소문동6가,8*,201802,21~28,48000
67,서울특별시,성북구,보문동6가,2**,201802,21~28,32000
73,서울특별시,성북구,삼선동1가,2**,201802,11~20,10500
77,서울특별시,성북구,삼선동1가,2**,201802,21~28,50000
88,서울특별시,성북구,삼선동2가,3**,201802,1~10,27000
89,서울특별시,성북구,삼선동2가,3**,201802,21~28,15700
98,서울특별시,성북구,삼선동2가,2**,201802,21~28,67500
106,서울특별시,성북구,삼선동3가,1**,201802,1~10,33000
107,서울특별시,성북구,삼선동3가,9*,201802,1~10,32500
121,서울특별시,성북구,삼선동5가,6*,201802,21~28,256000
127,서울특별시,성북구,상월곡동,2*,201802,21~28,41500
146,서울특별시,성북구,석관동,2**,201802,11~20,46400
154,서울특별시,성북구,석관동,7*,201802,11~20,88500
156,서울특별시,성북구,석관동,1**,201802,1~10,60000
181,서울특별시,성북구,석관동,2**,201802,1~10,37400
187,서울특별시,성북구,석관동,1**,201802,21~28,42100
196,서울특별시,성북구,석관동,3**,201802,21~28,40000
204,서울특별시,성북구,석관동,2**,201802,11~20,27800
213,서울특별시,성북구,석관동,2**,201802,11~20,29900
215,서울특별시,성북구,석관동,7*,201802,21~28,65500
220,서울특별시,성북구,석관동,3**,201802,11~20,36580
229,서울특별시,성북구,석관동,2**,201802,21~28,47200
234,서울특별시,성북구,석관동,1**,201802,11~20,49000
237,서울특별시,성북구,석관동,1**,201802,1~10,60000
242,서울특별시,성북구,석관동,3**,201802,11~20,55500
248,서울특별시,성북구,석관동,1**,201802,1~10,86000
251,서울특별시,성북구,석관동,1**,201802,1~10,84000
259,서울특별시,성북구,석관동,3**,201802,21~28,110000
261,서울특별시,성북구,석관동,3**,201802,1~10,176000
298,서울특별시,성북구,성북동1가,1**,201802,21~28,48000
310,서울특별시,성북구,안암동2가,1**,201802,1~10,25000
332,서울특별시,성북구,장위동,1*,201802,1~10,44500
336,서울특별시,성북구,장위동,6*,201802,1~10,48000
337,서울특별시,성북구,장위동,6*,201802,1~10,59500
340,서울특별시,성북구,장위동,6*,201802,1~10,60000
342,서울특별시,성북구,장위동,6*,201802,1~10,65400
345,서울특별시,성북구,장위동,2**,201802,11~20,26000
346,서울특별시,성북구,장위동,1*,201802,11~20,25000
348,서울특별시,성북구,장위동,1*,201802,11~20,26300
350,서울특별시,성북구,장위동,2**,201802,21~28,27900
351,서울특별시,성북구,장위동,2**,201802,1~10,18800
371,서울특별시,성북구,장위동,2**,201802,1~10,34900
373,서울특별시,성북구,장위동,1*,201802,1~10,41000
379,서울특별시,성북구,장위동,2*,201802,21~28,35000
382,서울특별시,성북구,장위동,1*,201802,1~10,33000
384,서울특별시,성북구,장위동,2*,201802,11~20,37700
393,서울특별시,성북구,장위동,3*,201802,21~28,46000
399,서울특별시,성북구,장위동,*,201802,1~10,39000
405,서울특별시,성북구,장위동,5*,201802,1~10,53500
407,서울특별시,성북구,장위동,1**,201802,11~20,42077
414,서울특별시,성북구,장위동,6*,201802,21~28,43400
423,서울특별시,성북구,장위동,6*,201802,21~28,42000
427,서울특별시,성북구,장위동,3*,201802,21~28,45000
434,서울특별시,성북구,장위동,5*,201802,11~20,49230
446,서울특별시,성북구,장위동,6*,201802,21~28,48500
451,서울특별시,성북구,장위동,2**,201802,11~20,41000
453,서울특별시,성북구,장위동,4*,201802,1~10,44000
464,서울특별시,성북구,장위동,2**,201802,11~20,37000
466,서울특별시,성북구,장위동,6*,201802,11~20,60000
467,서울특별시,성북구,장위동,6*,201802,11~20,66500
469,서울특별시,성북구,장위동,6*,201802,1~10,50300
490,서울특별시,성북구,장위동,2**,201802,11~20,61000
504,서울특별시,성북구,장위동,2**,201802,21~28,66250
506,서울특별시,성북구,장위동,2**,201802,21~28,79500
508,서울특별시,성북구,장위동,6*,201802,11~20,73000
509,서울특별시,성북구,장위동,6*,201802,11~20,64700
515,서울특별시,성북구,장위동,2**,201802,1~10,70000
518,서울특별시,성북구,장위동,2**,201802,21~28,95000
535,서울특별시,성북구,정릉동,2**,201802,21~28,69000
547,서울특별시,성북구,정릉동,7**,201802,1~10,22000
567,서울특별시,성북구,정릉동,1*,201802,21~28,83200
577,서울특별시,성북구,정릉동,2**,201802,11~20,47000
591,서울특별시,성북구,정릉동,8**,201802,1~10,29700
605,서울특별시,성북구,정릉동,8**,201802,11~20,40500
606,서울특별시,성북구,정릉동,7**,201802,21~28,27500
617,서울특별시,성북구,정릉동,2**,201802,11~20,109500
629,서울특별시,성북구,종암동,9*,201802,1~10,13500
646,서울특별시,성북구,종암동,*,201802,1~10,37000
666,서울특별시,성북구,하월곡동,7*,201802,1~10,43700
675,서울특별시,성북구,하월곡동,4*,201802,21~28,21000
692,서울특별시,성북구,하월곡동,8*,201802,21~28,77000
693,서울특별시,성북구,하월곡동,9*,201802,11~20,138000
698,서울특별시,동대문구,답십리동,4**,201802,1~10,28000
710,서울특별시,동대문구,답십리동,1*,201802,21~28,39700
712,서울특별시,동대문구,답십리동,4*,201802,11~20,28000
714,서울특별시,동대문구,답십리동,1*,201802,21~28,44000
715,서울특별시,동대문구,답십리동,2**,201802,11~20,26600
716,서울특별시,동대문구,답십리동,1*,201802,1~10,32200
717,서울특별시,동대문구,답십리동,4**,201802,1~10,32500
721,서울특별시,동대문구,답십리동,3**,201802,1~10,42000
723,서울특별시,동대문구,답십리동,2**,201802,21~28,42000
725,서울특별시,동대문구,답십리동,2**,201802,11~20,26500
727,서울특별시,동대문구,답십리동,4**,201802,21~28,59097
738,서울특별시,동대문구,답십리동,4**,201802,21~28,86000
740,서울특별시,동대문구,답십리동,4**,201802,21~28,80000
755,서울특별시,동대문구,신설동,9*,201802,21~28,75000
756,서울특별시,동대문구,신설동,9*,201802,1~10,78300
768,서울특별시,동대문구,용두동,2**,201802,21~28,25500
777,서울특별시,동대문구,용두동,7**,201802,1~10,45900
782,서울특별시,동대문구,용두동,1**,201802,21~28,44100
789,서울특별시,동대문구,용두동,7**,201802,21~28,53500
792,서울특별시,동대문구,용두동,1**,201802,11~20,26000
798,서울특별시,동대문구,용두동,7**,201802,21~28,61000
803,서울특별시,동대문구,용두동,3*,201802,21~28,120000
806,서울특별시,동대문구,용두동,2**,201802,1~10,50138
818,서울특별시,동대문구,용두동,7**,201802,1~10,63500
824,서울특별시,동대문구,용두동,1**,201802,21~28,320000
827,서울특별시,동대문구,이문동,1**,201802,21~28,45000
829,서울특별시,동대문구,이문동,1**,201802,1~10,44000
833,서울특별시,동대문구,이문동,1**,201802,21~28,44000
834,서울특별시,동대문구,이문동,1**,201802,21~28,49500
842,서울특별시,동대문구,이문동,2**,201802,1~10,50000
845,서울특별시,동대문구,이문동,3**,201802,21~28,82000
849,서울특별시,동대문구,이문동,2**,201802,1~10,85000
855,서울특별시,동대문구,이문동,1**,201802,21~28,17500
861,서울특별시,동대문구,이문동,1**,201802,1~10,25000
864,서울특별시,동대문구,이문동,1**,201802,1~10,18800
867,서울특별시,동대문구,이문동,3**,201802,1~10,22000
869,서울특별시,동대문구,이문동,2**,201802,1~10,24400
873,서울특별시,동대문구,이문동,1**,201802,21~28,20250
878,서울특별시,동대문구,이문동,2**,201802,1~10,22700
881,서울특별시,동대문구,이문동,3**,201802,11~20,21000
894,서울특별시,동대문구,이문동,1**,201802,1~10,33000
895,서울특별시,동대문구,이문동,1**,201802,1~10,36269
896,서울특별시,동대문구,이문동,3**,201802,1~10,28000
898,서울특별시,동대문구,이문동,2**,201802,21~28,28000
900,서울특별시,동대문구,이문동,1**,201802,11~20,34000
903,서울특별시,동대문구,이문동,1**,201802,21~28,26600
904,서울특별시,동대문구,이문동,2**,201802,11~20,36000
906,서울특별시,동대문구,이문동,2**,201802,21~28,35500
908,서울특별시,동대문구,이문동,1**,201802,21~28,27500
915,서울특별시,동대문구,이문동,1**,201802,21~28,38000
919,서울특별시,동대문구,이문동,8*,201802,21~28,33300
932,서울특별시,동대문구,이문동,8*,201802,11~20,27600
936,서울특별시,동대문구,이문동,1**,201802,11~20,38000
937,서울특별시,동대문구,이문동,1**,201802,11~20,37000
942,서울특별시,동대문구,이문동,2**,201802,1~10,36000
965,서울특별시,동대문구,이문동,2**,201802,21~28,52500
974,서울특별시,동대문구,이문동,2**,201802,1~10,20000
983,서울특별시,동대문구,이문동,3**,201802,11~20,50000
993,서울특별시,동대문구,이문동,3**,201802,21~28,52000
1008,서울특별시,동대문구,이문동,2**,201802,1~10,24000
1009,서울특별시,동대문구,이문동,1**,201802,21~28,55500
1011,서울특별시,동대문구,이문동,1**,201802,1~10,50000
1014,서울특별시,동대문구,이문동,3**,201802,1~10,138170
1022,서울특별시,동대문구,이문동,1**,201802,1~10,62500
1024,서울특별시,동대문구,이문동,4**,201802,21~28,51000
1026,서울특별시,동대문구,이문동,2**,201802,21~28,43000
1028,서울특별시,동대문구,이문동,1**,201802,11~20,77000
1031,서울특별시,동대문구,이문동,2**,201802,11~20,136500
1033,서울특별시,동대문구,이문동,3**,201802,1~10,150000
1037,서울특별시,동대문구,이문동,3**,201802,21~28,170000
1046,서울특별시,동대문구,장안동,9*,201802,1~10,55800
1072,서울특별시,동대문구,장안동,3**,201802,11~20,228050
1075,서울특별시,동대문구,전농동,1**,201802,11~20,21600
1076,서울특별시,동대문구,전농동,1**,201802,1~10,32500
1080,서울특별시,동대문구,전농동,6**,201802,21~28,55000
1081,서울특별시,동대문구,전농동,5**,201802,1~10,75500
1084,서울특별시,동대문구,전농동,6*,201802,1~10,76000
1089,서울특별시,동대문구,전농동,1**,201802,11~20,15000
1095,서울특별시,동대문구,전농동,1**,201802,21~28,41300
1108,서울특별시,동대문구,전농동,1**,201802,11~20,31000
1109,서울특별시,동대문구,전농동,6*,201802,21~28,30600
1111,서울특별시,동대문구,전농동,6**,201802,21~28,25000
1121,서울특별시,동대문구,전농동,5*,201802,11~20,29700
1123,서울특별시,동대문구,전농동,6*,201802,1~10,46400
1133,서울특별시,동대문구,전농동,6**,201802,1~10,42500
1142,서울특별시,동대문구,전농동,2**,201802,1~10,76000
1144,서울특별시,동대문구,전농동,1**,201802,1~10,72000
1147,서울특별시,동대문구,전농동,1**,201802,1~10,75680
1148,서울특별시,동대문구,전농동,2**,201802,11~20,90000
1150,서울특별시,동대문구,전농동,6*,201802,1~10,76680
1170,서울특별시,동대문구,제기동,1**,201802,1~10,36000
1171,서울특별시,동대문구,제기동,1**,201802,1~10,28500
1173,서울특별시,동대문구,제기동,1**,201802,1~10,47000
1174,서울특별시,동대문구,제기동,5**,201802,1~10,34000
1190,서울특별시,동대문구,제기동,3**,201802,21~28,67000
1196,서울특별시,동대문구,제기동,1**,201802,21~28,70000
1207,서울특별시,동대문구,제기동,1***,201802,1~10,200000
1212,서울특별시,동대문구,청량리동,4**,201802,1~10,46250
1217,서울특별시,동대문구,청량리동,8**,201802,1~10,48000
1219,서울특별시,동대문구,청량리동,4**,201802,1~10,75500
1224,서울특별시,동대문구,청량리동,3**,201802,11~20,25000
1225,서울특별시,동대문구,청량리동,2**,201802,1~10,26900
1230,서울특별시,동대문구,청량리동,2**,201802,11~20,24650
1239,서울특별시,동대문구,청량리동,5*,201802,21~28,29000
1245,서울특별시,동대문구,청량리동,5*,201802,11~20,40000
1247,서울특별시,동대문구,청량리동,2**,201802,1~10,37700
1251,서울특별시,동대문구,청량리동,2**,201802,21~28,45000
1258,서울특별시,동대문구,청량리동,2**,201802,21~28,46000
1261,서울특별시,동대문구,청량리동,6*,201802,1~10,75500
1267,서울특별시,동대문구,청량리동,4*,201802,1~10,88000
1269,서울특별시,동대문구,회기동,5*,201802,21~28,29300
1274,서울특별시,동대문구,회기동,1**,201802,21~28,45900
1287,서울특별시,동대문구,휘경동,1**,201802,21~28,30500
1294,서울특별시,동대문구,휘경동,1**,201802,1~10,48000
1300,서울특별시,동대문구,휘경동,1**,201802,1~10,43000
1306,서울특별시,동대문구,휘경동,1**,201802,1~10,41000
5,서울특별시,성북구,길음동,5**,201803,1~10,38300
14,서울특별시,성북구,길음동,1***,201803,1~10,54000
16,서울특별시,성북구,길음동,1***,201803,11~20,85000
17,서울특별시,성북구,돈암동,4*,201803,1~10,17000
19,서울특별시,성북구,돈암동,7*,201803,11~20,54500
20,서울특별시,성북구,돈암동,6*,201803,21~31,95000
23,서울특별시,성북구,동선동2가,1**,201803,21~31,143000
25,서울특별시,성북구,동선동3가,7*,201803,1~10,48000
27,서울특별시,성북구,동선동4가,2**,201803,11~20,24800
31,서울특별시,성북구,동선동5가,1**,201803,1~10,122500
33,서울특별시,성북구,동선동5가,1*,201803,1~10,99000
46,서울특별시,성북구,동소문동6가,1**,201803,1~10,58000
51,서울특별시,성북구,보문동1가,9*,201803,11~20,26050
56,서울특별시,성북구,보문동1가,9*,201803,1~10,42170
71,서울특별시,성북구,삼선동1가,2**,201803,21~31,15800
72,서울특별시,성북구,삼선동1가,2**,201803,21~31,11000
75,서울특별시,성북구,삼선동1가,2**,201803,1~10,40000
90,서울특별시,성북구,삼선동2가,3**,201803,21~31,25000
91,서울특별시,성북구,삼선동2가,2**,201803,11~20,32000
93,서울특별시,성북구,삼선동2가,4**,201803,1~10,39750
100,서울특별시,성북구,삼선동2가,3**,201803,1~10,51000
118,서울특별시,성북구,삼선동5가,3*,201803,21~31,63000
122,서울특별시,성북구,상월곡동,2*,201803,21~31,31000
135,서울특별시,성북구,상월곡동,2*,201803,11~20,60000
136,서울특별시,성북구,상월곡동,*,201803,21~31,65300
137,서울특별시,성북구,상월곡동,5*,201803,21~31,69000
139,서울특별시,성북구,상월곡동,2*,201803,21~31,69300
142,서울특별시,성북구,상월곡동,*,201803,21~31,104700
149,서울특별시,성북구,석관동,1**,201803,11~20,49500
157,서울특별시,성북구,석관동,3**,201803,21~31,68000
158,서울특별시,성북구,석관동,1**,201803,1~10,93000
165,서울특별시,성북구,석관동,3**,201803,1~10,24700
169,서울특별시,성북구,석관동,3**,201803,11~20,22000
171,서울특별시,성북구,석관동,3**,201803,11~20,20000
173,서울특별시,성북구,석관동,2**,201803,1~10,25800
178,서울특별시,성북구,석관동,3**,201803,1~10,31200
179,서울특별시,성북구,석관동,2**,201803,11~20,38000
185,서울특별시,성북구,석관동,3**,201803,1~10,35100
225,서울특별시,성북구,석관동,2**,201803,11~20,49500
226,서울특별시,성북구,석관동,6*,201803,1~10,45000
227,서울특별시,성북구,석관동,1**,201803,1~10,46200
245,서울특별시,성북구,석관동,1**,201803,11~20,85000
250,서울특별시,성북구,석관동,3**,201803,11~20,63000
258,서울특별시,성북구,석관동,3**,201803,11~20,83000
260,서울특별시,성북구,석관동,3**,201803,1~10,89700
262,서울특별시,성북구,석관동,2**,201803,21~31,178200
263,서울특별시,성북구,성북동,산2*,201803,11~20,12000
264,서울특별시,성북구,성북동,*,201803,21~31,14000
265,서울특별시,성북구,성북동,산2*,201803,11~20,5900
268,서울특별시,성북구,성북동,*,201803,11~20,16000
288,서울특별시,성북구,성북동,2*,201803,21~31,29600
297,서울특별시,성북구,성북동,1*,201803,1~10,360000
300,서울특별시,성북구,성북동1가,9*,201803,21~31,150000
313,서울특별시,성북구,안암동3가,1**,201803,1~10,37000
329,서울특별시,성북구,장위동,7*,201803,1~10,9000
330,서울특별시,성북구,장위동,6*,201803,1~10,36000
331,서울특별시,성북구,장위동,7*,201803,1~10,37000
343,서울특별시,성북구,장위동,2**,201803,11~20,40900
360,서울특별시,성북구,장위동,6*,201803,21~31,32000
364,서울특별시,성북구,장위동,6*,201803,21~31,27500
367,서울특별시,성북구,장위동,6*,201803,21~31,23000
377,서울특별시,성북구,장위동,1**,201803,21~31,38741
378,서울특별시,성북구,장위동,2**,201803,11~20,30130
381,서울특별시,성북구,장위동,6*,201803,21~31,36400
388,서울특별시,성북구,장위동,7*,201803,21~31,36160
391,서울특별시,성북구,장위동,2**,201803,1~10,27000
394,서울특별시,성북구,장위동,7*,201803,21~31,42050
395,서울특별시,성북구,장위동,2**,201803,11~20,37000
396,서울특별시,성북구,장위동,2*,201803,11~20,40000
404,서울특별시,성북구,장위동,1**,201803,11~20,46800
406,서울특별시,성북구,장위동,6*,201803,11~20,40000
408,서울특별시,성북구,장위동,4*,201803,21~31,59600
413,서울특별시,성북구,장위동,7*,201803,11~20,47000
417,서울특별시,성북구,장위동,*,201803,1~10,32000
424,서울특별시,성북구,장위동,3*,201803,1~10,43600
431,서울특별시,성북구,장위동,2**,201803,1~10,51120
437,서울특별시,성북구,장위동,6*,201803,21~31,64800
444,서울특별시,성북구,장위동,6*,201803,21~31,45600
452,서울특별시,성북구,장위동,7*,201803,21~31,49000
455,서울특별시,성북구,장위동,2**,201803,11~20,33000
457,서울특별시,성북구,장위동,6*,201803,21~31,68170
461,서울특별시,성북구,장위동,1**,201803,1~10,48500
470,서울특별시,성북구,장위동,1**,201803,11~20,52750
473,서울특별시,성북구,장위동,2**,201803,11~20,70000
478,서울특별시,성북구,장위동,1**,201803,21~31,56400
484,서울특별시,성북구,장위동,6*,201803,21~31,81000
485,서울특별시,성북구,장위동,6*,201803,21~31,50000
486,서울특별시,성북구,장위동,6*,201803,11~20,95000
491,서울특별시,성북구,장위동,3**,201803,1~10,62230
503,서울특별시,성북구,장위동,5*,201803,21~31,110000
505,서울특별시,성북구,장위동,2**,201803,21~31,68000
516,서울특별시,성북구,장위동,2**,201803,21~31,57500
530,서울특별시,성북구,정릉동,3**,201803,1~10,59000
531,서울특별시,성북구,정릉동,3**,201803,1~10,55000
533,서울특별시,성북구,정릉동,2**,201803,11~20,60000
540,서울특별시,성북구,정릉동,1*,201803,11~20,8000
546,서울특별시,성북구,정릉동,8**,201803,11~20,19000
554,서울특별시,성북구,정릉동,5**,201803,1~10,50000
559,서울특별시,성북구,정릉동,2**,201803,1~10,38300
560,서울특별시,성북구,정릉동,7**,201803,1~10,30200
576,서울특별시,성북구,정릉동,2**,201803,11~20,36000
584,서울특별시,성북구,정릉동,8**,201803,1~10,32500
592,서울특별시,성북구,정릉동,2**,201803,1~10,57500
616,서울특별시,성북구,정릉동,4**,201803,21~31,99500
619,서울특별시,성북구,정릉동,7**,201803,1~10,70500
623,서울특별시,성북구,정릉동,4**,201803,11~20,210000
624,서울특별시,성북구,정릉동,8**,201803,1~10,200000
625,서울특별시,성북구,종암동,*,201803,11~20,36000
628,서울특별시,성북구,종암동,1*,201803,21~31,11800
632,서울특별시,성북구,종암동,2*,201803,21~31,16000
636,서울특별시,성북구,종암동,*,201803,11~20,15200
645,서울특별시,성북구,종암동,*,201803,11~20,33800
650,서울특별시,성북구,종암동,1**,201803,21~31,44000
651,서울특별시,성북구,종암동,1**,201803,21~31,60000
653,서울특별시,성북구,종암동,1**,201803,21~31,57600
659,서울특별시,성북구,종암동,1**,201803,21~31,80000
661,서울특별시,성북구,종암동,8*,201803,1~10,109000
662,서울특별시,성북구,종암동,6*,201803,21~31,112000
663,서울특별시,성북구,종암동,3*,201803,21~31,150000
670,서울특별시,성북구,하월곡동,1*,201803,11~20,110000
672,서울특별시,성북구,하월곡동,8*,201803,11~20,23000
674,서울특별시,성북구,하월곡동,8*,201803,11~20,21700
685,서울특별시,성북구,하월곡동,8*,201803,11~20,52500
687,서울특별시,성북구,하월곡동,8*,201803,1~10,67000
697,서울특별시,동대문구,답십리동,9**,201803,11~20,31500
700,서울특별시,동대문구,답십리동,4**,201803,1~10,48500
702,서울특별시,동대문구,답십리동,*,201803,11~20,45500
708,서울특별시,동대문구,답십리동,1*,201803,1~10,27550
718,서울특별시,동대문구,답십리동,3*,201803,1~10,31000
719,서울특별시,동대문구,답십리동,6*,201803,21~31,27400
724,서울특별시,동대문구,답십리동,2**,201803,11~20,36000
728,서울특별시,동대문구,답십리동,3**,201803,21~31,53000
730,서울특별시,동대문구,답십리동,2**,201803,1~10,37340
733,서울특별시,동대문구,답십리동,4**,201803,1~10,59900
734,서울특별시,동대문구,답십리동,4**,201803,11~20,71000
746,서울특별시,동대문구,답십리동,*,201803,1~10,260000
747,서울특별시,동대문구,답십리동,4**,201803,21~31,213000
760,서울특별시,동대문구,용두동,1**,201803,11~20,50000
764,서울특별시,동대문구,용두동,1**,201803,21~31,4200
767,서울특별시,동대문구,용두동,2**,201803,1~10,10000
769,서울특별시,동대문구,용두동,3*,201803,1~10,16300
774,서울특별시,동대문구,용두동,1**,201803,11~20,18500
784,서울특별시,동대문구,용두동,7**,201803,11~20,50500
791,서울특별시,동대문구,용두동,2**,201803,1~10,36500
793,서울특별시,동대문구,용두동,7**,201803,1~10,54000
800,서울특별시,동대문구,용두동,7**,201803,11~20,63130
804,서울특별시,동대문구,용두동,7**,201803,21~31,68690
805,서울특별시,동대문구,용두동,3*,201803,11~20,56500
809,서울특별시,동대문구,용두동,3*,201803,21~31,60000
821,서울특별시,동대문구,용두동,4*,201803,1~10,179000
823,서울특별시,동대문구,용두동,7**,201803,21~31,222000
825,서울특별시,동대문구,이문동,1**,201803,21~31,34000
826,서울특별시,동대문구,이문동,1**,201803,11~20,39500
828,서울특별시,동대문구,이문동,1**,201803,21~31,47500
830,서울특별시,동대문구,이문동,2**,201803,21~31,39000
835,서울특별시,동대문구,이문동,2**,201803,11~20,48330
837,서울특별시,동대문구,이문동,2**,201803,21~31,44700
838,서울특별시,동대문구,이문동,1**,201803,1~10,51600
840,서울특별시,동대문구,이문동,3**,201803,1~10,58000
843,서울특별시,동대문구,이문동,1**,201803,1~10,55000
847,서울특별시,동대문구,이문동,1**,201803,21~31,70000
850,서울특별시,동대문구,이문동,2**,201803,11~20,164500
852,서울특별시,동대문구,이문동,3**,201803,21~31,18400
854,서울특별시,동대문구,이문동,2**,201803,11~20,21000
859,서울특별시,동대문구,이문동,3**,201803,11~20,23700
862,서울특별시,동대문구,이문동,8*,201803,21~31,25000
863,서울특별시,동대문구,이문동,4**,201803,21~31,14000
872,서울특별시,동대문구,이문동,1**,201803,21~31,21000
876,서울특별시,동대문구,이문동,2**,201803,11~20,23900
877,서울특별시,동대문구,이문동,2**,201803,1~10,23600
889,서울특별시,동대문구,이문동,2**,201803,1~10,28250
892,서울특별시,동대문구,이문동,1**,201803,21~31,23500
907,서울특별시,동대문구,이문동,2**,201803,21~31,31500
910,서울특별시,동대문구,이문동,1**,201803,1~10,23000
912,서울특별시,동대문구,이문동,2**,201803,11~20,27600
914,서울특별시,동대문구,이문동,2**,201803,1~10,29000
920,서울특별시,동대문구,이문동,1**,201803,1~10,41000
922,서울특별시,동대문구,이문동,3**,201803,1~10,88000
923,서울특별시,동대문구,이문동,2**,201803,21~31,30800
925,서울특별시,동대문구,이문동,3**,201803,11~20,24500
928,서울특별시,동대문구,이문동,8*,201803,11~20,28400
929,서울특별시,동대문구,이문동,1**,201803,11~20,35000
940,서울특별시,동대문구,이문동,1**,201803,21~31,30500
949,서울특별시,동대문구,이문동,1**,201803,21~31,40000
950,서울특별시,동대문구,이문동,2**,201803,1~10,34000
956,서울특별시,동대문구,이문동,1**,201803,11~20,35100
959,서울특별시,동대문구,이문동,1**,201803,1~10,46000
980,서울특별시,동대문구,이문동,2**,201803,21~31,48000
987,서울특별시,동대문구,이문동,2**,201803,1~10,43000
992,서울특별시,동대문구,이문동,2**,201803,1~10,35000
996,서울특별시,동대문구,이문동,2**,201803,21~31,51000
998,서울특별시,동대문구,이문동,2**,201803,1~10,62100
1001,서울특별시,동대문구,이문동,2**,201803,1~10,40000
1002,서울특별시,동대문구,이문동,2**,201803,1~10,37340
1013,서울특별시,동대문구,이문동,2**,201803,1~10,55500
1021,서울특별시,동대문구,이문동,2**,201803,1~10,84500
1025,서울특별시,동대문구,이문동,3**,201803,1~10,160000
1032,서울특별시,동대문구,이문동,2**,201803,21~31,68000
1035,서울특별시,동대문구,이문동,2**,201803,21~31,57000
1052,서울특별시,동대문구,장안동,5**,201803,11~20,66000
1055,서울특별시,동대문구,장안동,3**,201803,1~10,84000
1059,서울특별시,동대문구,장안동,3**,201803,21~31,68000
1061,서울특별시,동대문구,장안동,4**,201803,11~20,105000
1062,서울특별시,동대문구,장안동,3**,201803,11~20,81600
1063,서울특별시,동대문구,장안동,3**,201803,21~31,99500
1064,서울특별시,동대문구,장안동,3**,201803,21~31,90000
1065,서울특별시,동대문구,장안동,1**,201803,21~31,105000
1066,서울특별시,동대문구,장안동,1**,201803,21~31,125000
1078,서울특별시,동대문구,전농동,1**,201803,11~20,55000
1082,서울특별시,동대문구,전농동,1**,201803,11~20,87400
1083,서울특별시,동대문구,전농동,1**,201803,11~20,100000
1088,서울특별시,동대문구,전농동,1**,201803,21~31,9000
1100,서울특별시,동대문구,전농동,1**,201803,21~31,30700
1105,서울특별시,동대문구,전농동,2**,201803,21~31,40000
1106,서울특별시,동대문구,전농동,1**,201803,11~20,43000
1114,서울특별시,동대문구,전농동,3**,201803,1~10,42000
1126,서울특별시,동대문구,전농동,6*,201803,1~10,36500
1127,서울특별시,동대문구,전농동,5*,201803,1~10,48000
1135,서울특별시,동대문구,전농동,6*,201803,11~20,70400
1136,서울특별시,동대문구,전농동,3**,201803,21~31,78500
1146,서울특별시,동대문구,전농동,6*,201803,1~10,63000
1149,서울특별시,동대문구,전농동,5**,201803,11~20,122500
1153,서울특별시,동대문구,전농동,1**,201803,11~20,186300
1157,서울특별시,동대문구,제기동,1**,201803,1~10,46000
1158,서울특별시,동대문구,제기동,1**,201803,1~10,63000
1160,서울특별시,동대문구,제기동,1**,201803,1~10,100000
1162,서울특별시,동대문구,제기동,5**,201803,11~20,22000
1164,서울특별시,동대문구,제기동,1***,201803,11~20,19500
1166,서울특별시,동대문구,제기동,1**,201803,21~31,28500
1169,서울특별시,동대문구,제기동,1**,201803,1~10,29000
1180,서울특별시,동대문구,제기동,1**,201803,21~31,51500
1184,서울특별시,동대문구,제기동,6**,201803,11~20,47500
1198,서울특별시,동대문구,제기동,8**,201803,21~31,75000
1206,서울특별시,동대문구,제기동,1**,201803,11~20,86000
1209,서울특별시,동대문구,제기동,6*,201803,11~20,145000
1214,서울특별시,동대문구,청량리동,4**,201803,21~31,43500
1216,서울특별시,동대문구,청량리동,4*,201803,21~31,44200
1222,서울특별시,동대문구,청량리동,2**,201803,21~31,25500
1227,서울특별시,동대문구,청량리동,4**,201803,11~20,28000
1228,서울특별시,동대문구,청량리동,1**,201803,21~31,31500
1235,서울특별시,동대문구,청량리동,2**,201803,11~20,23500
1237,서울특별시,동대문구,청량리동,2**,201803,11~20,34600
1240,서울특별시,동대문구,청량리동,1**,201803,21~31,35300
1246,서울특별시,동대문구,청량리동,2**,201803,11~20,40300
1250,서울특별시,동대문구,청량리동,2**,201803,21~31,43200
1254,서울특별시,동대문구,청량리동,3**,201803,21~31,59500
1265,서울특별시,동대문구,청량리동,4**,201803,21~31,65300
1268,서울특별시,동대문구,회기동,5*,201803,11~20,82000
1271,서울특별시,동대문구,회기동,6*,201803,1~10,69000
1273,서울특별시,동대문구,회기동,4*,201803,1~10,30000
1275,서울특별시,동대문구,회기동,2*,201803,21~31,72000
1278,서울특별시,동대문구,회기동,1**,201803,21~31,65000
1279,서울특별시,동대문구,회기동,1**,201803,21~31,65000
1285,서울특별시,동대문구,휘경동,2**,201803,21~31,103500
1286,서울특별시,동대문구,휘경동,1**,201803,21~31,99500
1292,서울특별시,동대문구,휘경동,1**,201803,21~31,38000
1293,서울특별시,동대문구,휘경동,1**,201803,11~20,47500
1296,서울특별시,동대문구,휘경동,3**,201803,11~20,39800
1298,서울특별시,동대문구,휘경동,1**,201803,1~10,40000
1299,서울특별시,동대문구,휘경동,1**,201803,11~20,44700
1302,서울특별시,동대문구,휘경동,3**,201803,11~20,3780
1311,서울특별시,동대문구,휘경동,4*,201803,21~31,75000
1313,서울특별시,동대문구,휘경동,2**,201803,11~20,85200
1314,서울특별시,동대문구,휘경동,1**,201803,11~20,58800
1316,서울특별시,동대문구,휘경동,2**,201803,11~20,170000
1317,서울특별시,동대문구,휘경동,1**,201803,21~31,55000
1318,서울특별시,동대문구,휘경동,3**,201803,1~10,98000
8,서울특별시,성북구,길음동,5**,201804,21~30,56570
9,서울특별시,성북구,길음동,1***,201804,21~30,25800
11,서울특별시,성북구,길음동,9**,201804,1~10,52962
48,서울특별시,성북구,동소문동7가,1*,201804,11~20,66600
49,서울특별시,성북구,보문동1가,1**,201804,21~30,50000
50,서울특별시,성북구,보문동1가,2**,201804,21~30,13700
52,서울특별시,성북구,보문동1가,1**,201804,1~10,24000
54,서울특별시,성북구,보문동1가,6*,201804,1~10,31640
57,서울특별시,성북구,보문동2가,5*,201804,1~10,145000
68,서울특별시,성북구,보문동6가,2**,201804,21~30,81700
70,서울특별시,성북구,삼선동1가,2**,201804,21~30,35500
76,서울특별시,성북구,삼선동1가,2**,201804,21~30,52500
80,서울특별시,성북구,삼선동1가,2**,201804,11~20,35500
85,서울특별시,성북구,삼선동1가,2**,201804,1~10,80000
94,서울특별시,성북구,삼선동2가,3**,201804,11~20,49500
105,서울특별시,성북구,삼선동3가,9*,201804,11~20,27000
119,서울특별시,성북구,삼선동5가,1**,201804,1~10,92300
138,서울특별시,성북구,상월곡동,5*,201804,1~10,116000
144,서울특별시,성북구,석관동,6*,201804,21~30,33500
163,서울특별시,성북구,석관동,3**,201804,21~30,18100
176,서울특별시,성북구,석관동,1**,201804,21~30,35000
182,서울특별시,성북구,석관동,1**,201804,21~30,36000
183,서울특별시,성북구,석관동,3**,201804,1~10,37500
186,서울특별시,성북구,석관동,3**,201804,11~20,28500
188,서울특별시,성북구,석관동,3**,201804,21~30,20800
191,서울특별시,성북구,석관동,1**,201804,21~30,37800
202,서울특별시,성북구,석관동,1**,201804,21~30,47800
206,서울특별시,성북구,석관동,2**,201804,11~20,29900
212,서울특별시,성북구,석관동,1**,201804,21~30,27000
214,서울특별시,성북구,석관동,1**,201804,1~10,44900
222,서울특별시,성북구,석관동,3**,201804,1~10,34500
238,서울특별시,성북구,석관동,1**,201804,1~10,63800
239,서울특별시,성북구,석관동,1**,201804,1~10,61600
246,서울특별시,성북구,석관동,1**,201804,21~30,60000
249,서울특별시,성북구,석관동,1**,201804,21~30,71400
267,서울특별시,성북구,성북동,1**,201804,11~20,13000
272,서울특별시,성북구,성북동,4*,201804,11~20,19000
273,서울특별시,성북구,성북동,*,201804,1~10,20000
284,서울특별시,성북구,성북동,1**,201804,1~10,63000
291,서울특별시,성북구,성북동,*,201804,1~10,50000
292,서울특별시,성북구,성북동,1**,201804,21~30,70000
295,서울특별시,성북구,성북동,1*,201804,11~20,225000
301,서울특별시,성북구,성북동1가,1**,201804,11~20,118000
308,서울특별시,성북구,안암동2가,1**,201804,11~20,61000
312,서울특별시,성북구,안암동2가,1**,201804,21~30,124300
314,서울특별시,성북구,안암동3가,1**,201804,11~20,107000
318,서울특별시,성북구,안암동3가,1**,201804,1~10,22000
321,서울특별시,성북구,안암동3가,1**,201804,21~30,148000
323,서울특별시,성북구,안암동4가,4*,201804,11~20,410000
334,서울특별시,성북구,장위동,6*,201804,11~20,40300
338,서울특별시,성북구,장위동,7*,201804,1~10,60000
344,서울특별시,성북구,장위동,2**,201804,1~10,27000
352,서울특별시,성북구,장위동,6*,201804,11~20,22500
354,서울특별시,성북구,장위동,2**,201804,21~30,30000
358,서울특별시,성북구,장위동,*,201804,21~30,37000
361,서울특별시,성북구,장위동,2**,201804,11~20,18000
363,서울특별시,성북구,장위동,7*,201804,21~30,35000
365,서울특별시,성북구,장위동,6*,201804,1~10,31500
368,서울특별시,성북구,장위동,2**,201804,21~30,43000
385,서울특별시,성북구,장위동,7*,201804,11~20,32000
387,서울특별시,성북구,장위동,6*,201804,11~20,28500
389,서울특별시,성북구,장위동,1**,201804,1~10,44000
392,서울특별시,성북구,장위동,7*,201804,1~10,36600
397,서울특별시,성북구,장위동,2**,201804,21~30,34400
412,서울특별시,성북구,장위동,7*,201804,1~10,57600
420,서울특별시,성북구,장위동,6*,201804,21~30,53420
428,서울특별시,성북구,장위동,7*,201804,21~30,40000
443,서울특별시,성북구,장위동,6*,201804,21~30,55050
445,서울특별시,성북구,장위동,6*,201804,1~10,70480
450,서울특별시,성북구,장위동,2**,201804,21~30,60000
456,서울특별시,성북구,장위동,7*,201804,11~20,51000
458,서울특별시,성북구,장위동,6*,201804,21~30,50950
474,서울특별시,성북구,장위동,2**,201804,11~20,60000
487,서울특별시,성북구,장위동,2**,201804,21~30,109000
488,서울특별시,성북구,장위동,2**,201804,21~30,73500
489,서울특별시,성북구,장위동,2**,201804,21~30,90000
492,서울특별시,성북구,장위동,2**,201804,11~20,72000
497,서울특별시,성북구,장위동,7*,201804,11~20,64500
501,서울특별시,성북구,장위동,2**,201804,1~10,60500
517,서울특별시,성북구,장위동,2**,201804,11~20,79800
524,서울특별시,성북구,장위동,2**,201804,1~10,136300
525,서울특별시,성북구,장위동,6*,201804,1~10,160000
534,서울특별시,성북구,정릉동,2**,201804,21~30,85000
536,서울특별시,성북구,정릉동,2**,201804,21~30,68300
539,서울특별시,성북구,정릉동,7**,201804,1~10,10500
545,서울특별시,성북구,정릉동,6**,201804,11~20,13000
553,서울특별시,성북구,정릉동,3**,201804,1~10,27500
555,서울특별시,성북구,정릉동,1**,201804,11~20,23118
562,서울특별시,성북구,정릉동,2**,201804,11~20,45000
564,서울특별시,성북구,정릉동,7**,201804,1~10,29000
565,서울특별시,성북구,정릉동,2**,201804,11~20,46500
566,서울특별시,성북구,정릉동,1*,201804,11~20,45700
572,서울특별시,성북구,정릉동,2**,201804,11~20,50700
574,서울특별시,성북구,정릉동,2**,201804,11~20,46000
575,서울특별시,성북구,정릉동,2**,201804,11~20,46800
578,서울특별시,성북구,정릉동,2**,201804,11~20,67500
581,서울특별시,성북구,정릉동,2**,201804,11~20,52650
583,서울특별시,성북구,정릉동,1*,201804,21~30,100000
585,서울특별시,성북구,정릉동,1**,201804,1~10,50400
586,서울특별시,성북구,정릉동,6**,201804,11~20,114000
587,서울특별시,성북구,정릉동,8**,201804,11~20,40000
588,서울특별시,성북구,정릉동,3**,201804,11~20,135000
594,서울특별시,성북구,정릉동,1**,201804,1~10,61000
595,서울특별시,성북구,정릉동,1**,201804,11~20,66000
596,서울특별시,성북구,정릉동,1*,201804,21~30,72800
608,서울특별시,성북구,정릉동,8**,201804,1~10,41500
610,서울특별시,성북구,정릉동,7**,201804,11~20,190000
612,서울특별시,성북구,정릉동,7**,201804,11~20,215000
613,서울특별시,성북구,정릉동,7**,201804,21~30,215000
627,서울특별시,성북구,종암동,9*,201804,11~20,88000
633,서울특별시,성북구,종암동,*,201804,11~20,18000
639,서울특별시,성북구,종암동,*,201804,21~30,29500
641,서울특별시,성북구,종암동,*,201804,21~30,29000
649,서울특별시,성북구,종암동,*,201804,11~20,60000
652,서울특별시,성북구,종암동,1*,201804,21~30,82955
664,서울특별시,성북구,종암동,4*,201804,1~10,196000
665,서울특별시,성북구,하월곡동,8*,201804,21~30,33300
667,서울특별시,성북구,하월곡동,6*,201804,1~10,43000
669,서울특별시,성북구,하월곡동,9*,201804,11~20,41500
680,서울특별시,성북구,하월곡동,1*,201804,1~10,34800
681,서울특별시,성북구,하월곡동,9*,201804,21~30,75000
682,서울특별시,성북구,하월곡동,3*,201804,11~20,54000
688,서울특별시,성북구,하월곡동,9*,201804,11~20,52000
696,서울특별시,동대문구,답십리동,*,201804,21~30,34500
705,서울특별시,동대문구,답십리동,4**,201804,21~30,77500
722,서울특별시,동대문구,답십리동,4**,201804,21~30,66000
729,서울특별시,동대문구,답십리동,2**,201804,21~30,103000
731,서울특별시,동대문구,답십리동,3*,201804,1~10,59500
735,서울특별시,동대문구,답십리동,9**,201804,11~20,91500
736,서울특별시,동대문구,답십리동,4**,201804,11~20,86000
742,서울특별시,동대문구,답십리동,4**,201804,21~30,100000
743,서울특별시,동대문구,답십리동,4**,201804,21~30,120000
748,서울특별시,동대문구,신설동,9*,201804,21~30,14300
754,서울특별시,동대문구,신설동,4*,201804,11~20,63000
758,서울특별시,동대문구,신설동,9*,201804,21~30,19400
763,서울특별시,동대문구,용두동,2*,201804,21~30,196500
765,서울특별시,동대문구,용두동,2**,201804,21~30,33288
772,서울특별시,동대문구,용두동,1**,201804,11~20,50500
783,서울특별시,동대문구,용두동,1**,201804,1~10,42600
801,서울특별시,동대문구,용두동,3*,201804,11~20,70000
802,서울특별시,동대문구,용두동,3*,201804,11~20,56000
807,서울특별시,동대문구,용두동,3*,201804,21~30,72000
808,서울특별시,동대문구,용두동,3*,201804,21~30,69000
810,서울특별시,동대문구,용두동,3*,201804,21~30,69000
816,서울특별시,동대문구,용두동,1**,201804,1~10,147000
832,서울특별시,동대문구,이문동,8*,201804,1~10,46500
844,서울특별시,동대문구,이문동,1**,201804,21~30,59500
846,서울특별시,동대문구,이문동,3**,201804,21~30,72700
858,서울특별시,동대문구,이문동,4**,201804,21~30,25000
868,서울특별시,동대문구,이문동,1**,201804,1~10,33000
874,서울특별시,동대문구,이문동,3**,201804,1~10,25000
879,서울특별시,동대문구,이문동,3**,201804,1~10,27000
882,서울특별시,동대문구,이문동,7*,201804,1~10,19500
885,서울특별시,동대문구,이문동,2**,201804,11~20,27300
887,서울특별시,동대문구,이문동,2**,201804,1~10,32500
890,서울특별시,동대문구,이문동,1**,201804,11~20,34000
901,서울특별시,동대문구,이문동,2**,201804,1~10,30000
918,서울특별시,동대문구,이문동,1**,201804,21~30,30800
924,서울특별시,동대문구,이문동,1**,201804,1~10,43200
926,서울특별시,동대문구,이문동,1**,201804,1~10,29700
952,서울특별시,동대문구,이문동,1**,201804,1~10,32500
969,서울특별시,동대문구,이문동,2**,201804,11~20,42000
971,서울특별시,동대문구,이문동,3**,201804,21~30,58400
978,서울특별시,동대문구,이문동,3**,201804,1~10,70000
990,서울특별시,동대문구,이문동,2**,201804,11~20,48200
994,서울특별시,동대문구,이문동,2**,201804,1~10,37000
997,서울특별시,동대문구,이문동,3**,201804,21~30,128700
1016,서울특별시,동대문구,이문동,2**,201804,21~30,43000
1036,서울특별시,동대문구,이문동,1**,201804,1~10,86000
1038,서울특별시,동대문구,이문동,1**,201804,21~30,35000
1043,서울특별시,동대문구,장안동,9*,201804,11~20,53900
1054,서울특별시,동대문구,장안동,2**,201804,21~30,67400
1056,서울특별시,동대문구,장안동,3**,201804,1~10,78000
1057,서울특별시,동대문구,장안동,3**,201804,1~10,92000
1068,서울특별시,동대문구,장안동,4**,201804,21~30,102000
1070,서울특별시,동대문구,장안동,9*,201804,21~30,115000
1077,서울특별시,동대문구,전농동,5**,201804,1~10,35500
1085,서울특별시,동대문구,전농동,1**,201804,11~20,65600
1087,서울특별시,동대문구,전농동,6**,201804,11~20,13000
1096,서울특별시,동대문구,전농동,1**,201804,11~20,25000
1097,서울특별시,동대문구,전농동,6**,201804,21~30,26500
1098,서울특별시,동대문구,전농동,1**,201804,21~30,28000
1101,서울특별시,동대문구,전농동,3**,201804,11~20,28800
1102,서울특별시,동대문구,전농동,6**,201804,11~20,21500
1103,서울특별시,동대문구,전농동,1**,201804,21~30,34500
1112,서울특별시,동대문구,전농동,6*,201804,1~10,33600
1115,서울특별시,동대문구,전농동,6**,201804,1~10,35000
1118,서울특별시,동대문구,전농동,1**,201804,11~20,46800
1122,서울특별시,동대문구,전농동,5**,201804,11~20,36000
1138,서울특별시,동대문구,전농동,5**,201804,1~10,97000
1140,서울특별시,동대문구,전농동,5**,201804,1~10,125000
1145,서울특별시,동대문구,전농동,*,201804,21~30,57000
1152,서울특별시,동대문구,전농동,1**,201804,11~20,147700
1167,서울특별시,동대문구,제기동,1**,201804,11~20,19500
1177,서울특별시,동대문구,제기동,2**,201804,1~10,46800
1181,서울특별시,동대문구,제기동,1**,201804,21~30,28500
1185,서울특별시,동대문구,제기동,6*,201804,21~30,64000
1188,서울특별시,동대문구,제기동,8**,201804,21~30,49450
1189,서울특별시,동대문구,제기동,1**,201804,21~30,79300
1193,서울특별시,동대문구,제기동,8**,201804,21~30,63000
1194,서울특별시,동대문구,제기동,1**,201804,21~30,61700
1197,서울특별시,동대문구,제기동,8**,201804,1~10,84000
1201,서울특별시,동대문구,제기동,6*,201804,21~30,42000
1204,서울특별시,동대문구,제기동,1**,201804,1~10,79000
1205,서울특별시,동대문구,제기동,6*,201804,1~10,140000
1215,서울특별시,동대문구,청량리동,2**,201804,21~30,45800
1218,서울특별시,동대문구,청량리동,4**,201804,1~10,65000
1221,서울특별시,동대문구,청량리동,5*,201804,1~10,10000
1229,서울특별시,동대문구,청량리동,1**,201804,11~20,32600
1248,서울특별시,동대문구,청량리동,2**,201804,1~10,44200
1257,서울특별시,동대문구,청량리동,4**,201804,1~10,56500
1272,서울특별시,동대문구,회기동,*,201804,1~10,24000
1276,서울특별시,동대문구,회기동,1**,201804,11~20,64600
1297,서울특별시,동대문구,휘경동,1**,201804,11~20,55000
1308,서울특별시,동대문구,휘경동,2**,201804,21~30,50700
1310,서울특별시,동대문구,휘경동,1**,201804,21~30,55500
1320,서울특별시,동대문구,휘경동,1**,201804,11~20,200000
2,서울특별시,성북구,길음동,5**,201805,11~20,39500
7,서울특별시,성북구,길음동,9**,201805,1~10,80640
21,서울특별시,성북구,동선동1가,8*,201805,11~20,50000
29,서울특별시,성북구,동선동4가,1**,201805,1~10,145000
35,서울특별시,성북구,동소문동2가,1**,201805,1~10,9500
40,서울특별시,성북구,동소문동2가,2*,201805,11~20,75000
60,서울특별시,성북구,보문동5가,7*,201805,21~31,81000
65,서울특별시,성북구,보문동6가,3**,201805,11~20,44200
83,서울특별시,성북구,삼선동1가,2**,201805,21~31,18600
87,서울특별시,성북구,삼선동2가,3**,201805,21~31,84000
92,서울특별시,성북구,삼선동2가,3**,201805,11~20,49500
95,서울특별시,성북구,삼선동2가,2**,201805,21~31,44000
96,서울특별시,성북구,삼선동2가,2**,201805,21~31,40800
101,서울특별시,성북구,삼선동3가,1**,201805,11~20,34000
102,서울특별시,성북구,삼선동3가,3*,201805,21~31,56000
103,서울특별시,성북구,삼선동3가,1**,201805,21~31,59500
104,서울특별시,성북구,삼선동3가,9*,201805,11~20,28000
109,서울특별시,성북구,삼선동4가,5*,201805,1~10,139000
111,서울특별시,성북구,삼선동5가,1**,201805,21~31,100000
112,서울특별시,성북구,삼선동5가,1**,201805,11~20,98000
113,서울특별시,성북구,삼선동5가,9*,201805,11~20,19000
116,서울특별시,성북구,삼선동5가,1**,201805,21~31,58250
123,서울특별시,성북구,상월곡동,2*,201805,21~31,52500
126,서울특별시,성북구,상월곡동,2*,201805,11~20,31500
131,서울특별시,성북구,상월곡동,*,201805,21~31,53500
140,서울특별시,성북구,상월곡동,2*,201805,11~20,55000
143,서울특별시,성북구,상월곡동,2*,201805,21~31,163000
147,서울특별시,성북구,석관동,6*,201805,11~20,46400
148,서울특별시,성북구,석관동,3**,201805,1~10,47400
151,서울특별시,성북구,석관동,2**,201805,21~31,57100
152,서울특별시,성북구,석관동,3**,201805,21~31,57000
153,서울특별시,성북구,석관동,1**,201805,1~10,52000
161,서울특별시,성북구,석관동,2**,201805,21~31,185000
164,서울특별시,성북구,석관동,2**,201805,1~10,30000
166,서울특별시,성북구,석관동,2**,201805,1~10,13300
167,서울특별시,성북구,석관동,3**,201805,1~10,19900
168,서울특별시,성북구,석관동,3**,201805,1~10,22000
172,서울특별시,성북구,석관동,3**,201805,11~20,29000
180,서울특별시,성북구,석관동,3**,201805,11~20,33000
184,서울특별시,성북구,석관동,3**,201805,11~20,35100
190,서울특별시,성북구,석관동,5*,201805,21~31,26900
193,서울특별시,성북구,석관동,2**,201805,1~10,29248
198,서울특별시,성북구,석관동,3**,201805,1~10,41700
199,서울특별시,성북구,석관동,3**,201805,1~10,36960
203,서울특별시,성북구,석관동,3**,201805,1~10,37000
205,서울특별시,성북구,석관동,3**,201805,1~10,40000
207,서울특별시,성북구,석관동,6*,201805,11~20,53000
218,서울특별시,성북구,석관동,2**,201805,11~20,47500
219,서울특별시,성북구,석관동,1**,201805,11~20,52500
228,서울특별시,성북구,석관동,7*,201805,11~20,59500
230,서울특별시,성북구,석관동,7*,201805,11~20,45500
233,서울특별시,성북구,석관동,4*,201805,21~31,50000
241,서울특별시,성북구,석관동,2**,201805,21~31,89300
244,서울특별시,성북구,석관동,2**,201805,11~20,67800
270,서울특별시,성북구,성북동,3**,201805,1~10,38500
275,서울특별시,성북구,성북동,*,201805,21~31,28000
277,서울특별시,성북구,성북동,1**,201805,21~31,30000
287,서울특별시,성북구,성북동,2**,201805,21~31,43000
289,서울특별시,성북구,성북동,3**,201805,1~10,84500
304,서울특별시,성북구,안암동1가,3**,201805,1~10,60000
305,서울특별시,성북구,안암동1가,1**,201805,21~31,70000
306,서울특별시,성북구,안암동1가,*,201805,21~31,72000
311,서울특별시,성북구,안암동2가,1**,201805,1~10,35000
315,서울특별시,성북구,안암동3가,1**,201805,11~20,15000
327,서울특별시,성북구,안암동5가,1**,201805,11~20,204000
347,서울특별시,성북구,장위동,6*,201805,1~10,18000
357,서울특별시,성북구,장위동,2**,201805,21~31,37917
362,서울특별시,성북구,장위동,6*,201805,21~31,25500
366,서울특별시,성북구,장위동,6*,201805,21~31,35000
372,서울특별시,성북구,장위동,2**,201805,11~20,43890
390,서울특별시,성북구,장위동,7*,201805,11~20,37500
403,서울특별시,성북구,장위동,1**,201805,11~20,43286
409,서울특별시,성북구,장위동,2**,201805,21~31,37200
410,서울특별시,성북구,장위동,6*,201805,1~10,59800
419,서울특별시,성북구,장위동,7*,201805,21~31,47400
421,서울특별시,성북구,장위동,2**,201805,1~10,44000
422,서울특별시,성북구,장위동,2**,201805,21~31,48000
436,서울특별시,성북구,장위동,2**,201805,11~20,51600
441,서울특별시,성북구,장위동,6*,201805,1~10,52850
442,서울특별시,성북구,장위동,6*,201805,11~20,52690
459,서울특별시,성북구,장위동,3**,201805,21~31,53000
462,서울특별시,성북구,장위동,6*,201805,21~31,51090
471,서울특별시,성북구,장위동,1**,201805,11~20,67735
476,서울특별시,성북구,장위동,7*,201805,21~31,73600
480,서울특별시,성북구,장위동,1**,201805,21~31,70130
483,서울특별시,성북구,장위동,2**,201805,1~10,50300
493,서울특별시,성북구,장위동,2**,201805,11~20,68600
496,서울특별시,성북구,장위동,2**,201805,11~20,80000
498,서울특별시,성북구,장위동,7*,201805,1~10,83000
499,서울특별시,성북구,장위동,6*,201805,21~31,80000
510,서울특별시,성북구,장위동,2**,201805,1~10,78800
527,서울특별시,성북구,장위동,6*,201805,11~20,210600
528,서울특별시,성북구,정릉동,1**,201805,21~31,30700
529,서울특별시,성북구,정릉동,1*,201805,1~10,57800
537,서울특별시,성북구,정릉동,1*,201805,1~10,94000
548,서울특별시,성북구,정릉동,1**,201805,11~20,30400
550,서울특별시,성북구,정릉동,7**,201805,1~10,26500
552,서울특별시,성북구,정릉동,3**,201805,21~31,19500
556,서울특별시,성북구,정릉동,2**,201805,1~10,24500
563,서울특별시,성북구,정릉동,3**,201805,1~10,82000
580,서울특별시,성북구,정릉동,3**,201805,21~31,48400
589,서울특별시,성북구,정릉동,2**,201805,21~31,63000
593,서울특별시,성북구,정릉동,7**,201805,11~20,39800
598,서울특별시,성북구,정릉동,7**,201805,1~10,45500
603,서울특별시,성북구,정릉동,2**,201805,21~31,40000
611,서울특별시,성북구,정릉동,7**,201805,21~31,190000
621,서울특별시,성북구,정릉동,3**,201805,11~20,122700
622,서울특별시,성북구,정릉동,3**,201805,11~20,136000
630,서울특별시,성북구,종암동,*,201805,1~10,18000
635,서울특별시,성북구,종암동,5*,201805,21~31,29250
637,서울특별시,성북구,종암동,*,201805,1~10,37000
640,서울특별시,성북구,종암동,*,201805,21~31,28500
643,서울특별시,성북구,종암동,6*,201805,11~20,35000
656,서울특별시,성북구,종암동,8*,201805,1~10,133500
660,서울특별시,성북구,종암동,4*,201805,21~31,89000
673,서울특별시,성북구,하월곡동,8*,201805,1~10,22400
678,서울특별시,성북구,하월곡동,8*,201805,21~31,48000
694,서울특별시,성북구,하월곡동,1*,201805,11~20,160000
704,서울특별시,동대문구,답십리동,1*,201805,11~20,102000
706,서울특별시,동대문구,답십리동,1**,201805,1~10,123000
749,서울특별시,동대문구,신설동,4*,201805,11~20,16000
750,서울특별시,동대문구,신설동,4*,201805,11~20,45000
751,서울특별시,동대문구,신설동,4*,201805,11~20,30050
752,서울특별시,동대문구,신설동,9*,201805,11~20,41500
757,서울특별시,동대문구,신설동,1**,201805,11~20,290000
780,서울특별시,동대문구,용두동,3*,201805,11~20,45000
786,서울특별시,동대문구,용두동,1**,201805,21~31,27000
799,서울특별시,동대문구,용두동,7**,201805,1~10,59000
811,서울특별시,동대문구,용두동,1**,201805,21~31,73160
817,서울특별시,동대문구,용두동,2*,201805,21~31,72500
820,서울특별시,동대문구,용두동,7**,201805,11~20,107000
839,서울특별시,동대문구,이문동,1**,201805,21~31,61500
848,서울특별시,동대문구,이문동,3**,201805,21~31,186000
851,서울특별시,동대문구,이문동,2**,201805,1~10,18500
884,서울특별시,동대문구,이문동,1**,201805,1~10,33500
888,서울특별시,동대문구,이문동,1**,201805,21~31,41500
916,서울특별시,동대문구,이문동,1**,201805,11~20,37000
930,서울특별시,동대문구,이문동,1**,201805,21~31,39000
935,서울특별시,동대문구,이문동,1**,201805,21~31,41800
944,서울특별시,동대문구,이문동,2**,201805,1~10,37600
945,서울특별시,동대문구,이문동,2**,201805,11~20,42000
948,서울특별시,동대문구,이문동,1**,201805,1~10,42000
957,서울특별시,동대문구,이문동,1**,201805,11~20,49500
960,서울특별시,동대문구,이문동,2**,201805,11~20,53620
963,서울특별시,동대문구,이문동,1**,201805,1~10,40000
966,서울특별시,동대문구,이문동,3**,201805,11~20,36800
972,서울특별시,동대문구,이문동,2**,201805,11~20,40000
973,서울특별시,동대문구,이문동,1**,201805,1~10,55000
975,서울특별시,동대문구,이문동,1**,201805,1~10,41000
976,서울특별시,동대문구,이문동,2**,201805,21~31,42500
982,서울특별시,동대문구,이문동,2**,201805,11~20,40500
988,서울특별시,동대문구,이문동,1**,201805,11~20,50000
995,서울특별시,동대문구,이문동,2**,201805,21~31,40000
1004,서울특별시,동대문구,이문동,4**,201805,11~20,52000
1005,서울특별시,동대문구,이문동,1**,201805,11~20,65500
1015,서울특별시,동대문구,이문동,2**,201805,1~10,73500
1017,서울특별시,동대문구,이문동,1**,201805,1~10,100000
1018,서울특별시,동대문구,이문동,2**,201805,1~10,47000
1023,서울특별시,동대문구,이문동,2**,201805,21~31,130000
1047,서울특별시,동대문구,장안동,1**,201805,1~10,63000
1048,서울특별시,동대문구,장안동,1**,201805,1~10,66750
1049,서울특별시,동대문구,장안동,1**,201805,1~10,79550
1050,서울특별시,동대문구,장안동,1**,201805,1~10,74150
1051,서울특별시,동대문구,장안동,1**,201805,1~10,62900
1069,서울특별시,동대문구,장안동,3**,201805,21~31,138000
1071,서울특별시,동대문구,장안동,1**,201805,21~31,160500
1086,서울특별시,동대문구,전농동,2**,201805,11~20,221300
1092,서울특별시,동대문구,전농동,1**,201805,11~20,25000
1093,서울특별시,동대문구,전농동,1**,201805,11~20,20000
1124,서울특별시,동대문구,전농동,6*,201805,11~20,50580
1125,서울특별시,동대문구,전농동,6*,201805,21~31,52300
1137,서울특별시,동대문구,전농동,*,201805,21~31,53000
1161,서울특별시,동대문구,제기동,7**,201805,11~20,15600
1182,서울특별시,동대문구,제기동,1**,201805,11~20,49000
1186,서울특별시,동대문구,제기동,1**,201805,11~20,60000
1210,서울특별시,동대문구,제기동,6*,201805,11~20,230000
1223,서울특별시,동대문구,청량리동,2**,201805,21~31,24500
1242,서울특별시,동대문구,청량리동,2**,201805,1~10,33600
1244,서울특별시,동대문구,청량리동,1**,201805,11~20,40000
1266,서울특별시,동대문구,청량리동,5*,201805,11~20,75000
1284,서울특별시,동대문구,휘경동,1**,201805,21~31,59000
1291,서울특별시,동대문구,휘경동,1**,201805,11~20,29400
1305,서울특별시,동대문구,휘경동,3**,201805,21~31,16000
1322,서울특별시,동대문구,휘경동,2**,201805,21~31,480000
10,서울특별시,성북구,길음동,1***,201806,21~30,50000
26,서울특별시,성북구,동선동3가,1**,201806,1~10,55000
34,서울특별시,성북구,동소문동1가,1**,201806,21~30,183000
36,서울특별시,성북구,동소문동2가,2**,201806,1~10,24500
39,서울특별시,성북구,동소문동2가,1**,201806,21~30,42500
42,서울특별시,성북구,동소문동4가,1**,201806,21~30,327000
47,서울특별시,성북구,동소문동6가,1**,201806,11~20,65000
55,서울특별시,성북구,보문동1가,2**,201806,1~10,44500
58,서울특별시,성북구,보문동5가,1**,201806,11~20,105000
59,서울특별시,성북구,보문동5가,9*,201806,1~10,23500
61,서울특별시,성북구,보문동5가,1**,201806,21~30,78000
63,서울특별시,성북구,보문동6가,4*,201806,11~20,95000
64,서울특별시,성북구,보문동6가,8*,201806,21~30,99000
66,서울특별시,성북구,보문동6가,3**,201806,11~20,52000
69,서울특별시,성북구,보문동7가,8*,201806,11~20,160000
78,서울특별시,성북구,삼선동1가,6*,201806,1~10,65500
81,서울특별시,성북구,삼선동1가,2**,201806,21~30,30000
82,서울특별시,성북구,삼선동1가,2**,201806,11~20,25950
86,서울특별시,성북구,삼선동1가,2**,201806,11~20,153000
108,서울특별시,성북구,삼선동3가,8*,201806,11~20,58000
114,서울특별시,성북구,삼선동5가,9*,201806,21~30,45000
115,서울특별시,성북구,삼선동5가,9*,201806,21~30,43000
117,서울특별시,성북구,삼선동5가,1**,201806,21~30,60000
120,서울특별시,성북구,삼선동5가,4**,201806,11~20,123000
124,서울특별시,성북구,상월곡동,2*,201806,21~30,6700
128,서울특별시,성북구,상월곡동,2*,201806,21~30,38300
141,서울특별시,성북구,상월곡동,2*,201806,11~20,66000
155,서울특별시,성북구,석관동,6*,201806,21~30,70000
159,서울특별시,성북구,석관동,2**,201806,1~10,114000
160,서울특별시,성북구,석관동,2**,201806,11~20,90000
162,서울특별시,성북구,석관동,3**,201806,1~10,9500
175,서울특별시,성북구,석관동,5*,201806,1~10,25000
189,서울특별시,성북구,석관동,2**,201806,21~30,40000
192,서울특별시,성북구,석관동,2**,201806,11~20,36000
197,서울특별시,성북구,석관동,3**,201806,1~10,48500
210,서울특별시,성북구,석관동,3**,201806,21~30,41920
221,서울특별시,성북구,석관동,3**,201806,11~20,50500
223,서울특별시,성북구,석관동,1**,201806,1~10,45000
224,서울특별시,성북구,석관동,2**,201806,11~20,51200
235,서울특별시,성북구,석관동,1**,201806,21~30,26900
236,서울특별시,성북구,석관동,3**,201806,1~10,61000
252,서울특별시,성북구,석관동,1**,201806,1~10,77400
253,서울특별시,성북구,석관동,3**,201806,1~10,46200
254,서울특별시,성북구,석관동,2**,201806,11~20,77400
256,서울특별시,성북구,석관동,3**,201806,21~30,80000
257,서울특별시,성북구,석관동,3**,201806,11~20,72500
269,서울특별시,성북구,성북동,2**,201806,11~20,20500
274,서울특별시,성북구,성북동,2**,201806,11~20,25000
276,서울특별시,성북구,성북동,3**,201806,11~20,47500
278,서울특별시,성북구,성북동,*,201806,21~30,15300
279,서울특별시,성북구,성북동,1**,201806,11~20,85000
280,서울특별시,성북구,성북동,2*,201806,1~10,26000
281,서울특별시,성북구,성북동,*,201806,11~20,34500
282,서울특별시,성북구,성북동,1**,201806,21~30,140000
290,서울특별시,성북구,성북동,*,201806,21~30,50000
296,서울특별시,성북구,성북동,1*,201806,11~20,471758
299,서울특별시,성북구,성북동1가,1**,201806,21~30,135000
302,서울특별시,성북구,안암동1가,2**,201806,21~30,174000
303,서울특별시,성북구,안암동1가,2*,201806,1~10,70000
319,서울특별시,성북구,안암동3가,1**,201806,11~20,79400
328,서울특별시,성북구,안암동5가,8*,201806,21~30,165000
335,서울특별시,성북구,장위동,*,201806,1~10,51000
341,서울특별시,성북구,장위동,2**,201806,11~20,64500
349,서울특별시,성북구,장위동,6*,201806,21~30,34870
355,서울특별시,성북구,장위동,8*,201806,11~20,23500
356,서울특별시,성북구,장위동,1*,201806,11~20,35500
374,서울특별시,성북구,장위동,1*,201806,1~10,37500
375,서울특별시,성북구,장위동,6*,201806,11~20,34000
376,서울특별시,성북구,장위동,6*,201806,11~20,40240
380,서울특별시,성북구,장위동,6*,201806,1~10,30400
383,서울특별시,성북구,장위동,5*,201806,21~30,51500
386,서울특별시,성북구,장위동,6*,201806,1~10,45700
400,서울특별시,성북구,장위동,7*,201806,21~30,28000
402,서울특별시,성북구,장위동,7*,201806,21~30,29500
415,서울특별시,성북구,장위동,2**,201806,1~10,44500
416,서울특별시,성북구,장위동,6*,201806,1~10,51180
418,서울특별시,성북구,장위동,6*,201806,1~10,52500
425,서울특별시,성북구,장위동,1**,201806,11~20,47700
429,서울특별시,성북구,장위동,1**,201806,21~30,43000
433,서울특별시,성북구,장위동,7*,201806,21~30,55660
435,서울특별시,성북구,장위동,6*,201806,11~20,52036
438,서울특별시,성북구,장위동,2**,201806,1~10,64000
439,서울특별시,성북구,장위동,1**,201806,1~10,52060
440,서울특별시,성북구,장위동,1**,201806,1~10,52240
447,서울특별시,성북구,장위동,2**,201806,21~30,48775
448,서울특별시,성북구,장위동,7*,201806,11~20,48700
454,서울특별시,성북구,장위동,2**,201806,21~30,56000
468,서울특별시,성북구,장위동,6*,201806,11~20,53700
475,서울특별시,성북구,장위동,6*,201806,21~30,75000
477,서울특별시,성북구,장위동,6*,201806,1~10,50000
479,서울특별시,성북구,장위동,1**,201806,11~20,61770
481,서울특별시,성북구,장위동,3*,201806,21~30,65100
482,서울특별시,성북구,장위동,6*,201806,11~20,70000
500,서울특별시,성북구,장위동,2**,201806,1~10,60000
502,서울특별시,성북구,장위동,6*,201806,21~30,94680
512,서울특별시,성북구,장위동,2**,201806,1~10,77990
513,서울특별시,성북구,장위동,2**,201806,1~10,73500
519,서울특별시,성북구,장위동,1**,201806,1~10,68000
520,서울특별시,성북구,장위동,2**,201806,11~20,86000
521,서울특별시,성북구,장위동,2**,201806,11~20,185000
522,서울특별시,성북구,장위동,2**,201806,1~10,90000
523,서울특별시,성북구,장위동,2**,201806,1~10,99000
526,서울특별시,성북구,장위동,6*,201806,1~10,170000
543,서울특별시,성북구,정릉동,1**,201806,1~10,18900
544,서울특별시,성북구,정릉동,3**,201806,21~30,20900
551,서울특별시,성북구,정릉동,3**,201806,11~20,24300
557,서울특별시,성북구,정릉동,7**,201806,11~20,25200
558,서울특별시,성북구,정릉동,1**,201806,11~20,33000
568,서울특별시,성북구,정릉동,3**,201806,1~10,23000
570,서울특별시,성북구,정릉동,7**,201806,1~10,29000
573,서울특별시,성북구,정릉동,3**,201806,11~20,52500
597,서울특별시,성북구,정릉동,1**,201806,11~20,80000
599,서울특별시,성북구,정릉동,7**,201806,11~20,26000
604,서울특별시,성북구,정릉동,6**,201806,1~10,85500
609,서울특별시,성북구,정릉동,7**,201806,21~30,43000
615,서울특별시,성북구,정릉동,7**,201806,21~30,45000
634,서울특별시,성북구,종암동,*,201806,21~30,27050
642,서울특별시,성북구,종암동,*,201806,11~20,31200
658,서울특별시,성북구,종암동,4*,201806,21~30,106000
668,서울특별시,성북구,하월곡동,8*,201806,21~30,45000
671,서울특별시,성북구,하월곡동,2*,201806,1~10,107000
676,서울특별시,성북구,하월곡동,9*,201806,11~20,57000
677,서울특별시,성북구,하월곡동,8*,201806,11~20,48000
679,서울특별시,성북구,하월곡동,8*,201806,21~30,59500
686,서울특별시,성북구,하월곡동,3*,201806,21~30,62800
689,서울특별시,성북구,하월곡동,8*,201806,21~30,68500
690,서울특별시,성북구,하월곡동,9*,201806,11~20,88000
691,서울특별시,성북구,하월곡동,9*,201806,11~20,57500
695,서울특별시,성북구,하월곡동,9*,201806,11~20,280000
701,서울특별시,동대문구,답십리동,2**,201806,21~30,53900
711,서울특별시,동대문구,답십리동,1*,201806,1~10,31000
713,서울특별시,동대문구,답십리동,2**,201806,1~10,25750
726,서울특별시,동대문구,답십리동,4**,201806,11~20,60097
737,서울특별시,동대문구,답십리동,4**,201806,11~20,88200
739,서울특별시,동대문구,답십리동,4**,201806,11~20,82000
744,서울특별시,동대문구,답십리동,4**,201806,11~20,132800
745,서울특별시,동대문구,답십리동,4**,201806,11~20,145600
759,서울특별시,동대문구,신설동,9*,201806,21~30,300000
762,서울특별시,동대문구,용두동,1**,201806,11~20,111000
778,서울특별시,동대문구,용두동,2**,201806,21~30,46000
787,서울특별시,동대문구,용두동,2**,201806,11~20,50000
836,서울특별시,동대문구,이문동,2**,201806,21~30,46500
841,서울특별시,동대문구,이문동,1**,201806,1~10,55500
875,서울특별시,동대문구,이문동,2**,201806,1~10,27000
902,서울특별시,동대문구,이문동,2**,201806,21~30,29900
905,서울특별시,동대문구,이문동,8*,201806,11~20,32000
911,서울특별시,동대문구,이문동,1**,201806,1~10,47500
917,서울특별시,동대문구,이문동,1**,201806,21~30,36000
931,서울특별시,동대문구,이문동,2**,201806,21~30,36000
939,서울특별시,동대문구,이문동,1**,201806,21~30,45800
943,서울특별시,동대문구,이문동,1**,201806,21~30,37500
951,서울특별시,동대문구,이문동,1**,201806,1~10,36400
955,서울특별시,동대문구,이문동,2**,201806,11~20,41500
958,서울특별시,동대문구,이문동,1**,201806,21~30,47000
962,서울특별시,동대문구,이문동,1**,201806,1~10,46000
964,서울특별시,동대문구,이문동,7*,201806,1~10,47700
979,서울특별시,동대문구,이문동,1**,201806,21~30,51000
981,서울특별시,동대문구,이문동,1**,201806,1~10,32000
984,서울특별시,동대문구,이문동,1**,201806,21~30,56000
989,서울특별시,동대문구,이문동,3**,201806,21~30,55000
991,서울특별시,동대문구,이문동,2**,201806,21~30,41000
1000,서울특별시,동대문구,이문동,2**,201806,21~30,60000
1003,서울특별시,동대문구,이문동,2**,201806,21~30,49000
1006,서울특별시,동대문구,이문동,1**,201806,21~30,66000
1007,서울특별시,동대문구,이문동,4**,201806,11~20,56700
1027,서울특별시,동대문구,이문동,2**,201806,11~20,50000
1030,서울특별시,동대문구,이문동,2**,201806,1~10,150000
1034,서울특별시,동대문구,이문동,2**,201806,1~10,127000
1039,서울특별시,동대문구,장안동,1**,201806,1~10,60000
1040,서울특별시,동대문구,장안동,1**,201806,21~30,56000
1053,서울특별시,동대문구,장안동,1**,201806,11~20,70000
1058,서울특별시,동대문구,장안동,3**,201806,21~30,125300
1060,서울특별시,동대문구,장안동,9*,201806,11~20,90000
1073,서울특별시,동대문구,장안동,3**,201806,1~10,174800
1074,서울특별시,동대문구,장안동,4**,201806,1~10,259000
1079,서울특별시,동대문구,전농동,4**,201806,1~10,70200
1090,서울특별시,동대문구,전농동,6**,201806,21~30,25000
1094,서울특별시,동대문구,전농동,1**,201806,11~20,41300
1099,서울특별시,동대문구,전농동,2**,201806,11~20,22000
1110,서울특별시,동대문구,전농동,1**,201806,11~20,46000
1113,서울특별시,동대문구,전농동,1**,201806,11~20,55000
1120,서울특별시,동대문구,전농동,6**,201806,21~30,48000
1131,서울특별시,동대문구,전농동,1**,201806,21~30,66000
1132,서울특별시,동대문구,전농동,4**,201806,11~20,67000
1134,서울특별시,동대문구,전농동,1**,201806,1~10,92000
1141,서울특별시,동대문구,전농동,2**,201806,11~20,59800
1151,서울특별시,동대문구,전농동,2**,201806,21~30,70000
1154,서울특별시,동대문구,전농동,*,201806,11~20,167000
1155,서울특별시,동대문구,전농동,*,201806,21~30,176000
1156,서울특별시,동대문구,제기동,1**,201806,1~10,40000
1159,서울특별시,동대문구,제기동,6*,201806,21~30,63500
1163,서울특별시,동대문구,제기동,1**,201806,21~30,25200
1165,서울특별시,동대문구,제기동,1**,201806,21~30,25700
1191,서울특별시,동대문구,제기동,6*,201806,21~30,85000
1192,서울특별시,동대문구,제기동,6*,201806,11~20,68400
1195,서울특별시,동대문구,제기동,8**,201806,11~20,71000
1203,서울특별시,동대문구,제기동,8**,201806,11~20,54500
1208,서울특별시,동대문구,제기동,8**,201806,11~20,96000
1213,서울특별시,동대문구,청량리동,4**,201806,1~10,55000
1226,서울특별시,동대문구,청량리동,2**,201806,11~20,25500
1232,서울특별시,동대문구,청량리동,2**,201806,11~20,20000
1236,서울특별시,동대문구,청량리동,2**,201806,1~10,36000
1241,서울특별시,동대문구,청량리동,5**,201806,11~20,38000
1243,서울특별시,동대문구,청량리동,9**,201806,21~30,48000
1249,서울특별시,동대문구,청량리동,6**,201806,1~10,100000
1253,서울특별시,동대문구,청량리동,3**,201806,11~20,62000
1255,서울특별시,동대문구,청량리동,2**,201806,21~30,49700
1259,서울특별시,동대문구,청량리동,8**,201806,21~30,58000
1260,서울특별시,동대문구,청량리동,1*,201806,1~10,70000
1263,서울특별시,동대문구,청량리동,2**,201806,11~20,66000
1270,서울특별시,동대문구,회기동,*,201806,21~30,19000
1281,서울특별시,동대문구,회기동,6*,201806,11~20,114000
1289,서울특별시,동대문구,휘경동,2**,201806,1~10,15300
1290,서울특별시,동대문구,휘경동,9*,201806,1~10,40500
1295,서울특별시,동대문구,휘경동,1**,201806,21~30,36000
1303,서울특별시,동대문구,휘경동,1**,201806,11~20,47000
1307,서울특별시,동대문구,휘경동,1**,201806,11~20,45000
1309,서울특별시,동대문구,휘경동,1**,201806,11~20,52530
